State,District,Taluka,Cycle,Scheme,Nitrogen_N_Low_pct,Nitrogen_N_Medium_pct,Nitrogen_N_High_pct,Nitrogen_N_Samples,Phosphorus_P_Low_pct,Phosphorus_P_Medium_pct,Phosphorus_P_High_pct,Phosphorus_P_Samples,Potassium_K_Low_pct,Potassium_K_Medium_pct,Potassium_K_High_pct,Potassium_K_Samples,OrganicCarbon_OC_Low_pct,OrganicCarbon_OC_Medium_pct,OrganicCarbon_OC_High_pct,OrganicCarbon_OC_Samples,pH_Acidic_pct,pH_Neutral_pct,pH_Alkaline_pct,pH_Samples,EC_Saline_pct,EC_NonSaline_pct,EC_Samples,Sulphur_S_Sufficient_pct,Sulphur_S_Deficient_pct,Sulphur_S_Samples,Iron_Fe_Sufficient_pct,Iron_Fe_Deficient_pct,Iron_Fe_Samples,Zinc_Zn_Sufficient_pct,Zinc_Zn_Deficient_pct,Zinc_Zn_Samples,Copper_Cu_Sufficient_pct,Copper_Cu_Deficient_pct,Copper_Cu_Samples,Boron_B_Sufficient_pct,Boron_B_Deficient_pct,Boron_B_Samples,Manganese_Mn_Sufficient_pct,Manganese_Mn_Deficient_pct,Manganese_Mn_Samples
MAHARASHTRA,AHILYANAGAR,Akole,2023-24,Soil Health Card RKVY,98.42,0.88,0.7,568,10.98,32.58,56.45,574,46.34,37.28,16.38,574,12.74,10.99,76.27,573,0.17,95.99,3.83,574,1.39,98.61,574,60.21,39.79,573,19.51,80.49,574,33.16,66.84,573,100.0,0.0,574,35.95,64.05,573,94.43,5.57,574
MAHARASHTRA,AHILYANAGAR,Jamkhed,2023-24,Soil Health Card RKVY,100.0,0.0,0.0,719,0.0,4.86,95.14,720,35.28,39.03,25.69,720,8.66,8.24,83.1,716,0.0,79.31,20.69,720,0.0,100.0,720,35.97,64.03,720,10.14,89.86,720,16.94,83.06,720,81.94,18.06,720,77.92,22.08,720,70.14,29.86,720
MAHARASHTRA,AHILYANAGAR,Karjat,2023-24,Soil Health Card RKVY,100.0,0.0,0.0,564,1.95,29.38,68.67,565,9.38,35.58,55.04,565,13.48,12.06,74.47,564,0.0,97.7,2.3,565,0.0,100.0,565,7.41,92.59,486,13.27,86.73,565,17.52,82.48,565,97.88,2.12,565,42.75,57.25,559,92.74,7.26,565
MAHARASHTRA,AHILYANAGAR,Kopargaon,2023-24,Soil Health Card RKVY,99.86,0.0,0.14,701,47.36,8.7,43.94,701,60.91,27.82,11.27,701,4.58,5.87,89.56,699,0.14,76.32,23.54,701,5.88,94.12,697,25.11,74.89,701,2.29,97.71,700,39.91,60.09,699,97.72,2.28,701,46.27,53.73,683,87.86,12.14,700
MAHARASHTRA,AHILYANAGAR,Nagar,2023-24,Soil Health Card RKVY,99.85,0.0,0.15,646,1.24,9.44,89.32,646,18.39,48.38,33.23,647,14.55,12.07,73.37,646,0.0,90.73,9.27,647,0.93,99.07,647,46.29,53.71,633,0.15,99.85,647,5.87,94.13,647,99.85,0.15,647,41.36,58.64,631,97.37,2.63,647
MAHARASHTRA,AHILYANAGAR,Nevasa,2023-24,Soil Health Card RKVY,99.57,0.0,0.43,697,21.15,17.27,61.58,695,46.77,38.16,15.06,697,20.4,11.64,67.96,696,0.29,73.17,26.54,697,4.3,95.7,697,49.35,50.65,697,2.15,97.85,697,22.09,77.91,697,99.57,0.43,697,60.78,39.22,696,95.11,4.89,696
MAHARASHTRA,AHILYANAGAR,Parner,2023-24,Soil Health Card RKVY,100.0,0.0,0.0,575,9.12,25.35,65.53,647,43.28,48.07,8.66,647,16.28,11.01,72.71,645,0.15,87.94,11.9,647,1.39,98.61,646,50.54,49.46,647,0.15,99.85,647,23.03,76.97,647,99.38,0.62,647,45.23,54.77,639,96.75,3.25,647
MAHARASHTRA,AHILYANAGAR,Pathardi,2023-24,Soil Health Card RKVY,99.86,0.0,0.14,702,0.0,0.43,99.57,702,21.08,41.6,37.32,702,7.83,8.83,83.33,702,0.14,96.44,3.42,702,0.85,99.15,702,17.24,82.76,702,0.0,100.0,702,17.95,82.05,702,99.29,0.71,702,91.31,8.69,702,73.22,26.78,702
MAHARASHTRA,AHILYANAGAR,Rahta,2023-24,Soil Health Card RKVY,99.86,0.0,0.14,733,0.55,1.09,98.36,732,32.06,42.56,25.38,733,2.19,5.6,92.21,732,0.0,90.59,9.41,733,0.0,100.0,733,74.22,25.78,733,1.36,98.64,733,23.6,76.4,733,92.22,7.78,733,77.9,22.1,733,88.95,11.05,733
MAHARASHTRA,AHILYANAGAR,Rahuri,2023-24,Soil Health Card RKVY,100.0,0.0,0.0,719,10.31,20.19,69.5,718,61.34,28.37,10.29,719,10.86,9.05,80.08,718,0.14,77.05,22.81,719,12.52,87.48,719,43.12,56.88,719,0.97,99.03,719,12.1,87.9,719,99.17,0.83,719,40.47,59.53,719,87.76,12.24,719
MAHARASHTRA,AHILYANAGAR,Sangamner,2023-24,Soil Health Card RKVY,99.63,0.0,0.37,546,9.23,13.28,77.49,542,15.2,43.22,41.58,546,19.71,15.29,65.01,543,0.0,77.29,22.71,546,0.18,99.82,546,28.71,71.29,533,0.0,100.0,546,9.52,90.48,546,98.53,1.47,546,79.32,20.68,532,61.72,38.28,546
MAHARASHTRA,AHILYANAGAR,Shevgaon,2023-24,Soil Health Card RKVY,100.0,0.0,0.0,713,2.8,7.28,89.92,714,27.31,41.6,31.09,714,8.41,10.0,81.59,690,0.0,74.79,25.21,714,0.56,99.44,714,24.51,75.49,714,3.22,96.78,714,15.27,84.73,714,95.66,4.34,714,74.37,25.63,714,48.95,51.05,713
MAHARASHTRA,AHILYANAGAR,Shrigonda,2023-24,Soil Health Card RKVY,99.69,0.0,0.31,644,0.0,0.47,99.53,644,22.36,42.39,35.25,644,9.64,9.18,81.18,643,0.0,98.76,1.24,644,4.97,95.03,644,36.36,63.64,605,2.17,97.83,644,11.49,88.51,644,99.38,0.62,644,88.04,11.96,644,90.53,9.47,644
MAHARASHTRA,AHILYANAGAR,Shrirampur,2023-24,Soil Health Card RKVY,99.81,0.0,0.19,540,25.37,10.56,64.07,540,40.74,32.41,26.85,540,7.96,9.81,82.22,540,1.3,78.52,20.19,540,6.67,93.33,540,25.37,74.63,540,17.96,82.04,540,14.26,85.74,540,94.07,5.93,540,64.44,35.56,540,74.26,25.74,540
MAHARASHTRA,AKOLA,Akola,2023-24,Soil Health Card RKVY,99.88,0.12,0.0,803,2.12,24.53,73.35,803,3.99,0.87,95.14,803,95.02,4.11,0.87,803,0.0,99.88,0.12,803,0.0,100.0,803,0.62,99.38,803,0.0,100.0,803,16.44,83.56,803,99.88,0.12,803,1.25,98.75,803,58.28,41.72,803
MAHARASHTRA,AKOLA,Akot,2023-24,Soil Health Card RKVY,98.85,1.05,0.1,953,2.62,28.44,68.94,953,9.65,3.25,87.09,953,95.49,4.3,0.21,953,0.0,99.9,0.1,953,0.0,100.0,953,6.51,93.49,953,0.0,100.0,953,12.38,87.62,953,98.95,1.05,953,0.42,99.58,953,75.34,24.66,953
MAHARASHTRA,AKOLA,Balapur,2023-24,Soil Health Card RKVY,99.87,0.13,0.0,772,1.3,30.7,68.01,772,0.65,1.17,98.19,772,81.22,16.97,1.81,772,0.0,99.74,0.26,772,0.0,100.0,772,9.07,90.93,772,0.0,100.0,772,13.6,86.4,772,100.0,0.0,772,0.65,99.35,772,56.35,43.65,772
MAHARASHTRA,AKOLA,Barshitakli,2023-24,Soil Health Card RKVY,98.41,1.28,0.32,941,8.18,33.58,58.24,941,0.64,9.99,89.37,941,73.86,23.8,2.34,941,0.0,99.47,0.53,941,0.85,99.15,941,5.31,94.69,941,0.0,100.0,941,10.34,89.66,938,99.04,0.96,941,4.47,95.53,939,43.36,56.64,941
MAHARASHTRA,AKOLA,Murtijapur,2023-24,Soil Health Card RKVY,99.27,0.48,0.24,825,1.09,25.94,72.97,825,0.24,0.85,98.91,825,98.55,1.21,0.24,825,0.0,99.88,0.12,825,0.0,100.0,825,0.36,99.64,825,0.0,100.0,825,26.06,73.94,825,100.0,0.0,825,0.36,99.64,825,66.3,33.7,825
MAHARASHTRA,AKOLA,Patur,2023-24,Soil Health Card RKVY,97.73,1.87,0.4,748,3.48,35.29,61.23,748,3.88,0.4,95.72,748,90.78,8.96,0.27,748,0.0,99.73,0.27,748,0.0,100.0,748,5.88,94.12,748,0.0,100.0,748,25.94,74.06,748,99.87,0.13,748,0.67,99.33,748,73.26,26.74,748
MAHARASHTRA,AKOLA,Telhara,2023-24,Soil Health Card RKVY,96.43,3.43,0.13,757,2.38,36.99,60.63,757,0.26,2.91,96.83,757,99.34,0.53,0.13,757,0.0,99.74,0.26,757,0.0,100.0,757,1.59,98.41,757,0.0,100.0,757,12.15,87.85,757,98.81,1.19,757,0.26,99.74,757,85.34,14.66,757
MAHARASHTRA,AMRAVATI,Achalpur,2023-24,Soil Health Card RKVY,94.2,5.65,0.15,655,0.46,13.89,85.65,655,0.92,4.27,94.81,655,73.28,26.26,0.46,655,0.0,97.4,2.6,655,0.61,99.39,655,7.63,92.37,655,29.92,70.08,655,27.33,72.67,655,99.23,0.77,646,14.35,85.65,655,100.0,0.0,655
MAHARASHTRA,AMRAVATI,Amravati,2023-24,Soil Health Card RKVY,99.83,0.17,0.0,585,71.11,26.5,2.39,585,1.2,6.32,92.48,585,88.21,11.28,0.51,585,0.0,98.46,1.54,585,0.0,100.0,585,3.93,96.07,585,25.0,75.0,584,33.9,66.1,584,99.31,0.69,583,60.17,39.83,585,94.18,5.82,584
MAHARASHTRA,AMRAVATI,Anjangaon Surji,2023-24,Soil Health Card RKVY,93.68,6.32,0.0,665,1.05,13.83,85.11,665,0.6,3.31,96.09,665,74.02,24.32,1.66,662,0.0,99.24,0.76,658,0.15,99.85,663,8.11,91.89,666,23.02,76.98,669,21.74,78.26,667,100.0,0.0,626,4.8,95.2,666,99.4,0.6,667
MAHARASHTRA,AMRAVATI,Bhatkuli,2023-24,Soil Health Card RKVY,98.76,1.01,0.22,889,61.64,36.0,2.36,889,1.12,6.97,91.9,889,87.85,11.02,1.12,889,0.11,98.43,1.46,889,2.02,97.98,889,17.32,82.68,889,47.02,52.98,889,42.0,58.0,888,99.89,0.11,887,35.22,64.78,883,92.91,7.09,889
MAHARASHTRA,AMRAVATI,Chandur Railway,2023-24,Soil Health Card RKVY,100.0,0.0,0.0,576,57.12,40.1,2.78,576,15.62,7.81,76.56,576,60.42,27.95,11.63,576,11.46,88.19,0.35,576,11.28,88.72,576,7.48,92.52,575,58.85,41.15,576,61.11,38.89,576,100.0,0.0,570,40.87,59.13,575,88.19,11.81,576
MAHARASHTRA,AMRAVATI,Chandurbazar,2023-24,Soil Health Card RKVY,100.0,0.0,0.0,668,42.37,43.86,13.77,668,0.3,3.44,96.26,668,77.96,17.54,4.5,667,0.0,96.26,3.74,668,0.0,100.0,668,16.02,83.98,668,43.11,56.89,668,54.35,45.65,666,99.7,0.3,667,57.06,42.94,666,81.26,18.74,667
MAHARASHTRA,AMRAVATI,Chikhaldara,2023-24,Soil Health Card RKVY,98.99,1.01,0.0,593,75.55,19.39,5.06,593,4.72,36.09,59.19,593,78.08,14.33,7.59,593,0.0,99.83,0.17,593,2.02,97.98,593,4.55,95.45,593,95.62,4.38,593,78.41,21.59,593,100.0,0.0,593,39.8,60.2,593,89.04,10.96,593
MAHARASHTRA,AMRAVATI,Daryapur,2023-24,Soil Health Card RKVY,100.0,0.0,0.0,640,64.69,32.19,3.12,640,0.16,2.5,97.34,640,82.19,13.75,4.06,640,0.16,95.94,3.91,640,0.0,100.0,640,6.09,93.91,640,63.59,36.41,640,43.91,56.09,640,100.0,0.0,640,64.84,35.16,640,85.47,14.53,640
MAHARASHTRA,AMRAVATI,Dhamangaon Railway,2023-24,Soil Health Card RKVY,99.87,0.13,0.0,774,15.76,36.95,47.29,774,0.39,3.62,95.99,774,70.89,23.29,5.82,773,0.13,98.58,1.29,774,0.26,99.74,773,63.23,36.77,775,7.11,92.89,774,68.86,31.14,774,99.87,0.13,774,25.24,74.76,630,98.32,1.68,774
MAHARASHTRA,AMRAVATI,Dharni,2023-24,Soil Health Card RKVY,99.72,0.28,0.0,712,66.15,25.98,7.87,712,5.62,30.9,63.48,712,77.81,11.52,10.67,712,0.7,99.16,0.14,712,0.14,99.86,712,1.97,98.03,712,91.01,8.99,712,65.54,34.46,711,99.86,0.14,712,53.37,46.63,712,88.2,11.8,712
MAHARASHTRA,AMRAVATI,Morshi,2023-24,Soil Health Card RKVY,98.32,1.37,0.31,655,45.8,40.76,13.44,655,0.31,3.21,96.49,655,86.85,11.93,1.22,654,0.0,99.54,0.46,651,0.0,100.0,653,10.69,89.31,655,48.09,51.91,655,60.7,39.3,654,99.85,0.15,655,36.62,63.38,650,90.08,9.92,655
MAHARASHTRA,AMRAVATI,Nandgaon-Khandeshwar,2023-24,Soil Health Card RKVY,99.68,0.0,0.32,632,70.73,26.42,2.85,632,0.79,8.07,91.14,632,81.8,10.76,7.44,632,0.0,99.68,0.32,631,0.0,100.0,632,8.23,91.77,632,17.88,82.12,632,47.94,52.06,632,99.84,0.16,631,45.32,54.68,631,89.87,10.13,632
MAHARASHTRA,AMRAVATI,Tiosa,2023-24,Soil Health Card RKVY,99.34,0.66,0.0,606,59.24,34.16,6.6,606,3.96,10.07,85.97,606,86.61,10.08,3.31,605,0.0,99.01,0.99,605,0.33,99.67,604,8.42,91.58,606,56.6,43.4,606,70.63,29.37,606,99.67,0.33,603,59.67,40.33,605,81.85,18.15,606
MAHARASHTRA,AMRAVATI,Warud,2023-24,Soil Health Card RKVY,99.27,0.44,0.29,682,46.27,43.05,10.69,683,2.49,7.46,90.06,684,75.18,15.27,9.54,681,0.15,99.85,0.0,680,0.44,99.56,681,15.79,84.21,684,46.13,53.87,685,66.18,33.82,680,99.41,0.59,683,44.56,55.44,671,89.49,10.51,685
MAHARASHTRA,BEED,Ambejogai,2023-24,Soil Health Card RKVY,64.35,35.65,0.0,620,5.32,74.52,20.16,620,0.0,45.0,55.0,620,22.42,38.71,38.87,620,0.0,89.68,10.32,620,0.0,100.0,620,85.32,14.68,620,8.23,91.77,620,24.35,75.65,620,94.66,5.34,618,100.0,0.0,620,70.65,29.35,620
MAHARASHTRA,BEED,Ashti,2023-24,Soil Health Card RKVY,93.08,6.92,0.0,130,2.31,77.69,20.0,130,0.77,19.23,80.0,130,5.38,42.31,52.31,130,0.0,76.15,23.85,130,0.0,100.0,130,100.0,0.0,130,0.0,100.0,130,10.0,90.0,130,100.0,0.0,130,100.0,0.0,130,91.54,8.46,130
MAHARASHTRA,BEED,Beed,2023-24,Soil Health Card RKVY,67.8,31.8,0.4,500,9.8,64.2,26.0,500,7.98,32.73,59.28,501,32.8,37.6,29.6,500,0.0,72.09,27.91,498,0.0,100.0,500,83.83,16.17,501,2.0,98.0,501,19.76,80.24,501,98.37,1.63,490,99.4,0.6,501,85.03,14.97,501
MAHARASHTRA,BEED,Dharur,2023-24,Soil Health Card RKVY,66.62,33.23,0.15,653,4.29,73.51,22.21,653,0.77,38.28,60.95,653,25.46,34.51,40.03,652,0.0,86.04,13.96,652,0.31,99.69,651,99.85,0.15,653,3.83,96.17,653,15.93,84.07,653,97.09,2.91,652,99.85,0.15,653,59.26,40.74,653
MAHARASHTRA,BEED,Georai,2023-24,Soil Health Card RKVY,76.01,23.29,0.7,571,6.83,6.48,86.69,571,0.53,13.84,85.64,571,54.64,38.0,7.36,571,0.35,98.42,1.23,571,0.7,99.3,571,95.62,4.38,571,1.23,98.77,571,82.14,17.86,571,99.65,0.35,570,93.52,6.48,571,96.67,3.33,571
MAHARASHTRA,BEED,Kaij,2023-24,Soil Health Card RKVY,65.86,33.99,0.15,659,7.74,67.98,24.28,659,0.91,56.45,42.64,659,13.96,29.44,56.6,659,0.0,75.27,24.73,659,0.0,100.0,659,100.0,0.0,659,0.46,99.54,659,48.56,51.44,659,99.7,0.3,659,99.24,0.76,659,74.05,25.95,659
MAHARASHTRA,BEED,Majalgaon,2023-24,Soil Health Card RKVY,92.31,7.4,0.3,676,0.59,0.74,98.67,676,1.48,5.92,92.6,676,73.67,19.23,7.1,676,0.3,99.7,0.0,675,0.15,99.85,675,88.91,11.09,676,1.04,98.96,676,68.49,31.51,676,99.85,0.15,676,87.72,12.28,676,92.16,7.84,676
MAHARASHTRA,BEED,Parli,2023-24,Soil Health Card RKVY,95.91,3.89,0.19,514,1.36,1.75,96.89,514,5.45,12.06,82.49,514,58.87,35.67,5.46,513,0.0,99.81,0.19,514,0.39,99.61,514,91.05,8.95,514,0.19,99.81,514,64.59,35.41,514,100.0,0.0,513,92.8,7.2,514,92.22,7.78,514
MAHARASHTRA,BEED,Patoda,2023-24,Soil Health Card RKVY,56.83,43.17,0.0,505,5.35,63.76,30.89,505,0.0,45.94,54.06,505,14.26,37.82,47.92,505,0.0,65.74,34.26,505,0.0,100.0,505,99.41,0.59,505,8.71,91.29,505,40.48,59.52,504,98.79,1.21,497,86.14,13.86,505,67.33,32.67,505
MAHARASHTRA,BEED,Shirur (Kasar),2023-24,Soil Health Card RKVY,53.49,46.51,0.0,473,2.11,80.97,16.91,473,0.21,40.59,59.2,473,25.37,47.36,27.27,473,0.42,83.05,16.53,472,0.0,100.0,473,100.0,0.0,472,3.81,96.19,473,6.55,93.45,473,95.91,4.09,465,99.79,0.21,473,62.16,37.84,473
MAHARASHTRA,BEED,Wadwani,2023-24,Soil Health Card RKVY,61.3,38.42,0.28,721,11.53,67.5,20.97,720,4.02,30.51,65.46,721,31.48,40.64,27.88,721,0.0,68.24,31.76,721,0.0,100.0,721,97.23,2.77,722,3.6,96.4,723,28.91,71.09,723,98.75,1.25,722,97.1,2.9,723,79.25,20.75,723
MAHARASHTRA,BHANDARA,Bhandara,2023-24,Soil Health Card RKVY,90.58,9.42,0.0,1200,39.33,46.58,14.08,1200,0.67,32.25,67.08,1200,42.58,29.75,27.67,1200,1.25,98.75,0.0,1200,0.08,99.92,1200,61.42,38.58,1200,65.17,34.83,1200,74.42,25.58,1200,100.0,0.0,1197,25.33,74.67,1200,95.67,4.33,1200
MAHARASHTRA,BHANDARA,Lakhandur,2023-24,Soil Health Card RKVY,85.81,14.19,0.0,895,34.75,54.86,10.39,895,0.22,23.69,76.09,895,22.62,27.44,49.94,893,4.25,95.31,0.45,895,0.45,99.55,895,86.7,13.3,895,96.42,3.58,894,78.21,21.79,895,99.78,0.22,893,35.99,64.01,878,95.53,4.47,895
MAHARASHTRA,BHANDARA,Lakhani,2023-24,Soil Health Card RKVY,85.9,14.04,0.06,1546,24.98,55.47,19.55,1545,0.78,23.16,76.07,1546,34.73,28.72,36.55,1546,8.41,91.53,0.06,1546,0.06,99.94,1546,72.38,27.62,1546,86.48,13.52,1546,78.07,21.93,1546,96.83,3.17,1544,32.66,67.34,1546,96.31,3.69,1546
MAHARASHTRA,BHANDARA,Mohadi,2023-24,Soil Health Card RKVY,86.15,13.74,0.11,895,12.3,43.62,44.07,894,4.8,31.4,63.8,895,46.03,26.48,27.49,895,6.26,93.63,0.11,895,0.0,100.0,895,85.36,14.64,895,94.08,5.92,895,75.53,24.47,895,99.44,0.56,895,41.12,58.88,895,99.44,0.56,895
MAHARASHTRA,BHANDARA,Pauni,2023-24,Soil Health Card RKVY,94.4,5.51,0.09,1071,42.02,50.61,7.38,1071,0.0,35.39,64.61,1071,40.06,33.89,26.05,1071,0.37,99.63,0.0,1071,0.0,100.0,1071,77.87,22.13,1071,83.57,16.43,1071,87.58,12.42,1071,99.91,0.09,1071,40.8,59.2,1071,98.04,1.96,1071
MAHARASHTRA,BHANDARA,Sakoli,2023-24,Soil Health Card RKVY,71.05,28.88,0.06,1551,23.15,61.9,14.96,1551,0.39,27.14,72.47,1551,20.31,25.6,54.09,1551,37.46,62.48,0.06,1551,0.06,99.94,1551,95.04,4.96,1551,81.61,18.39,1550,68.73,31.27,1551,96.12,3.88,1546,25.4,74.6,1551,94.0,6.0,1551
MAHARASHTRA,BHANDARA,Tumsar,2023-24,Soil Health Card RKVY,93.2,6.8,0.0,1235,37.81,42.19,20.0,1235,0.16,25.1,74.74,1235,29.88,24.29,45.83,1235,11.34,88.58,0.08,1235,0.24,99.76,1235,88.91,11.09,1235,95.38,4.62,1235,86.23,13.77,1235,100.0,0.0,1235,32.39,67.61,1235,100.0,0.0,1235
MAHARASHTRA,BULDHANA,Buldana,2023-24,Soil Health Card RKVY,99.11,0.51,0.38,790,29.62,62.03,8.35,790,0.25,2.41,97.34,790,24.56,21.77,53.67,790,0.0,99.62,0.38,790,0.0,100.0,790,99.49,0.51,790,0.13,99.87,790,19.24,80.76,790,97.59,2.41,790,99.24,0.76,790,93.92,6.08,790
MAHARASHTRA,BULDHANA,Chikhli,2023-24,Soil Health Card RKVY,99.45,0.55,0.0,731,32.83,63.89,3.28,731,0.14,1.5,98.36,731,18.88,28.45,52.67,731,0.27,96.17,3.56,731,0.14,99.86,731,99.45,0.55,731,5.2,94.8,731,17.51,82.49,731,99.59,0.41,728,89.47,10.53,731,99.59,0.41,731
MAHARASHTRA,BULDHANA,Deolgaon Raja,2023-24,Soil Health Card RKVY,99.57,0.43,0.0,698,19.2,78.51,2.29,698,0.14,2.87,96.99,698,34.67,26.07,39.26,698,0.0,98.71,1.29,697,0.29,99.71,698,93.7,6.3,698,18.65,81.35,697,33.43,66.57,697,99.71,0.29,697,94.41,5.59,698,99.57,0.43,698
MAHARASHTRA,BULDHANA,Jalgaon (Jamod),2023-24,Soil Health Card RKVY,96.42,3.42,0.16,643,25.35,70.76,3.89,643,0.62,4.98,94.4,643,34.37,22.71,42.92,643,0.0,100.0,0.0,642,0.0,100.0,642,99.07,0.93,643,0.47,99.53,643,14.15,85.85,643,99.22,0.78,640,93.78,6.22,643,98.91,1.09,642
MAHARASHTRA,BULDHANA,Khamgaon,2023-24,Soil Health Card RKVY,98.91,1.09,0.0,824,28.64,69.9,1.46,824,0.36,5.34,94.3,824,20.75,21.72,57.52,824,0.0,99.03,0.97,824,0.0,100.0,824,96.48,3.52,824,0.49,99.51,824,11.65,88.35,824,98.9,1.1,815,93.33,6.67,824,99.27,0.73,824
MAHARASHTRA,BULDHANA,Lonar,2023-24,Soil Health Card RKVY,99.56,0.44,0.0,678,22.71,72.42,4.87,678,0.74,2.8,96.46,678,20.35,21.53,58.11,678,0.0,99.85,0.15,676,0.0,100.0,678,93.66,6.34,678,1.18,98.82,678,16.08,83.92,678,98.22,1.78,675,85.1,14.9,678,97.49,2.51,678
MAHARASHTRA,BULDHANA,Malkapur,2023-24,Soil Health Card RKVY,99.85,0.15,0.0,675,21.63,71.56,6.81,675,0.15,6.67,93.19,675,30.86,22.55,46.59,674,0.15,98.96,0.89,674,0.0,100.0,675,95.7,4.3,675,0.74,99.26,675,45.02,54.98,673,97.16,2.84,670,88.0,12.0,675,96.3,3.7,675
MAHARASHTRA,BULDHANA,Mehkar,2023-24,Soil Health Card RKVY,100.0,0.0,0.0,710,0.85,99.01,0.14,710,0.42,1.69,97.89,710,26.34,22.54,51.13,710,0.0,99.58,0.42,710,0.42,99.58,710,91.13,8.87,710,34.08,65.92,710,58.17,41.83,710,99.72,0.28,709,99.01,0.99,710,100.0,0.0,710
MAHARASHTRA,BULDHANA,Motala,2023-24,Soil Health Card RKVY,99.78,0.22,0.0,914,21.88,69.04,9.08,914,0.33,3.61,96.06,914,20.15,30.34,49.51,913,0.0,99.67,0.33,914,0.0,100.0,914,96.17,3.83,914,1.43,98.57,912,27.04,72.96,906,99.01,0.99,910,95.84,4.16,914,97.26,2.74,914
MAHARASHTRA,BULDHANA,Nandura,2023-24,Soil Health Card RKVY,96.71,3.29,0.0,700,1.0,99.0,0.0,699,0.86,5.01,94.13,699,25.29,36.43,38.29,700,0.14,98.14,1.71,700,0.29,99.71,700,85.86,14.14,700,70.29,29.71,700,30.43,69.57,700,97.85,2.15,699,97.43,2.57,700,99.71,0.29,700
MAHARASHTRA,BULDHANA,Sangrampur,2023-24,Soil Health Card RKVY,99.5,0.5,0.0,400,24.69,67.08,8.23,401,1.25,0.5,98.25,401,18.95,25.19,55.86,401,0.0,99.0,1.0,401,0.0,100.0,401,97.76,2.24,401,1.25,98.75,399,24.75,75.25,400,98.48,1.52,394,94.76,5.24,401,97.5,2.5,400
MAHARASHTRA,BULDHANA,Shegaon,2023-24,Soil Health Card RKVY,99.47,0.4,0.13,755,20.4,70.99,8.61,755,0.66,5.83,93.51,755,36.23,13.9,49.87,748,0.0,98.94,1.06,755,0.13,99.87,755,98.41,1.59,754,1.72,98.28,755,14.7,85.3,755,99.2,0.8,754,98.54,1.46,755,96.82,3.18,755
MAHARASHTRA,BULDHANA,Sindkhed Raja,2023-24,Soil Health Card RKVY,98.01,1.76,0.23,853,25.44,65.3,9.26,853,0.23,2.7,97.07,853,35.45,24.3,40.26,852,0.12,99.77,0.12,852,0.0,100.0,852,98.12,1.88,853,1.41,98.59,853,9.27,90.73,852,98.71,1.29,853,93.66,6.34,852,98.48,1.52,853
MAHARASHTRA,CHANDRAPUR,Ballarpur,2023-24,Soil Health Card RKVY,94.85,5.0,0.15,660,0.76,98.94,0.3,660,1.21,31.36,67.42,660,97.58,1.97,0.45,660,0.0,100.0,0.0,660,0.0,100.0,660,44.39,55.61,660,72.42,27.58,660,92.73,7.27,660,100.0,0.0,660,93.79,6.21,660,100.0,0.0,660
MAHARASHTRA,CHANDRAPUR,Bhadravati,2023-24,Soil Health Card RKVY,74.54,25.46,0.0,1096,0.64,99.0,0.36,1096,1.19,83.49,15.33,1096,64.14,29.47,6.39,1096,0.64,99.36,0.0,1096,0.0,100.0,1095,92.97,7.03,1096,55.34,44.66,1095,36.99,63.01,1095,99.36,0.64,1095,56.8,43.2,1095,99.0,1.0,1096
MAHARASHTRA,CHANDRAPUR,Brahmapuri,2023-24,Soil Health Card RKVY,30.4,69.6,0.0,885,0.68,98.87,0.45,885,0.45,76.5,23.05,885,61.24,37.97,0.79,885,0.11,99.44,0.45,885,0.23,99.77,885,69.27,30.73,885,99.21,0.79,885,64.86,35.14,885,70.93,29.07,884,49.72,50.28,885,98.87,1.13,885
MAHARASHTRA,CHANDRAPUR,Chandrapur,2023-24,Soil Health Card RKVY,98.1,1.9,0.0,1052,3.42,96.2,0.38,1052,1.24,41.73,57.03,1052,96.77,3.23,0.0,1052,0.0,100.0,0.0,1052,0.0,100.0,1052,14.45,85.55,1052,75.48,24.52,1052,82.7,17.3,1052,99.9,0.1,1052,88.69,11.31,1052,98.86,1.14,1052
MAHARASHTRA,CHANDRAPUR,Chimur,2023-24,Soil Health Card RKVY,84.42,15.48,0.1,1027,6.72,92.21,1.07,1027,1.56,70.5,27.95,1027,79.07,18.11,2.82,1027,3.21,96.2,0.58,1027,0.19,99.81,1027,81.3,18.7,1027,35.25,64.75,1027,44.74,55.26,1026,88.02,11.98,1027,57.74,42.26,1027,82.77,17.23,1027
MAHARASHTRA,CHANDRAPUR,Gondpipri,2023-24,Soil Health Card RKVY,95.54,4.46,0.0,650,10.62,87.38,2.0,650,3.08,35.08,61.85,650,85.23,14.46,0.31,650,2.92,96.77,0.31,650,0.77,99.23,650,12.77,87.23,650,58.46,41.54,650,84.46,15.54,650,89.23,10.77,650,86.31,13.69,650,83.85,16.15,650
MAHARASHTRA,CHANDRAPUR,Jiwati,2023-24,Soil Health Card RKVY,99.17,0.83,0.0,363,0.0,77.13,22.87,363,0.28,29.48,70.25,363,98.62,1.1,0.28,363,0.55,99.17,0.28,363,0.28,99.72,363,55.37,44.63,363,34.44,65.56,363,23.69,76.31,363,82.37,17.63,363,50.41,49.59,363,98.9,1.1,363
MAHARASHTRA,CHANDRAPUR,Korpana,2023-24,Soil Health Card RKVY,98.23,1.77,0.0,283,0.0,99.29,0.71,283,0.71,13.07,86.22,283,94.7,4.59,0.71,283,0.0,100.0,0.0,283,0.35,99.65,283,0.71,99.29,283,60.07,39.93,283,88.69,11.31,283,100.0,0.0,283,93.64,6.36,283,98.94,1.06,283
MAHARASHTRA,CHANDRAPUR,Mul,2023-24,Soil Health Card RKVY,96.5,3.5,0.0,685,2.34,74.6,23.07,685,1.02,25.69,73.28,685,97.37,1.32,1.32,684,1.02,97.96,1.02,685,0.29,99.71,685,47.88,52.12,685,39.56,60.44,685,31.19,68.81,683,83.24,16.76,680,60.88,39.12,685,92.55,7.45,685
MAHARASHTRA,CHANDRAPUR,Nagbhid,2023-24,Soil Health Card RKVY,3.88,96.12,0.0,619,0.81,98.38,0.81,619,0.16,60.58,39.26,619,68.82,30.21,0.97,619,0.0,98.38,1.62,619,0.16,99.84,619,66.24,33.76,619,99.19,0.81,619,87.88,12.12,619,99.35,0.65,619,53.47,46.53,619,99.52,0.48,619
MAHARASHTRA,CHANDRAPUR,Pombhurna,2023-24,Soil Health Card RKVY,100.0,0.0,0.0,242,0.0,98.76,1.24,242,0.83,42.15,57.02,242,93.8,5.79,0.41,242,0.0,99.59,0.41,242,0.0,100.0,242,0.83,99.17,242,50.83,49.17,242,93.39,6.61,242,100.0,0.0,242,94.63,5.37,242,99.17,0.83,242
MAHARASHTRA,CHANDRAPUR,Rajura,2023-24,Soil Health Card RKVY,76.15,23.65,0.19,520,0.0,99.23,0.77,520,0.58,97.5,1.92,520,69.81,25.38,4.81,520,0.19,99.81,0.0,520,0.19,99.81,520,96.92,3.08,520,21.73,78.27,520,18.27,81.73,520,96.15,3.85,520,49.04,50.96,520,98.65,1.35,520
MAHARASHTRA,CHANDRAPUR,Sawali,2023-24,Soil Health Card RKVY,98.8,1.2,0.0,668,2.1,97.6,0.3,668,0.9,40.57,58.53,668,95.51,3.89,0.6,668,0.0,99.85,0.15,668,0.3,99.7,668,0.6,99.4,668,73.65,26.35,668,90.57,9.43,668,100.0,0.0,668,92.66,7.34,668,99.55,0.45,668
MAHARASHTRA,CHANDRAPUR,Sindewahi,2023-24,Soil Health Card RKVY,33.28,66.72,0.0,688,1.45,95.93,2.62,688,0.87,52.76,46.37,688,87.79,11.77,0.44,688,0.0,98.55,1.45,688,0.73,99.27,687,21.51,78.49,688,93.17,6.83,688,36.05,63.95,688,87.21,12.79,688,12.94,87.06,688,88.23,11.77,688
MAHARASHTRA,CHANDRAPUR,Warora,2023-24,Soil Health Card RKVY,79.59,20.41,0.0,1460,0.41,99.38,0.21,1460,1.1,86.44,12.47,1460,68.15,27.19,4.66,1460,0.0,100.0,0.0,1460,0.07,99.93,1460,92.67,7.33,1460,43.45,56.55,1459,35.23,64.77,1459,96.23,3.77,1460,69.16,30.84,1459,99.11,0.89,1460
MAHARASHTRA,Chhatrapati Sambhajinagar,Aurangabad,2023-24,Soil Health Card RKVY,99.72,0.14,0.14,704,0.0,0.99,99.01,704,1.42,20.17,78.41,704,68.18,31.53,0.28,704,0.0,58.1,41.9,704,0.14,99.86,704,99.57,0.43,704,0.0,100.0,704,24.43,75.57,704,100.0,0.0,703,71.16,28.84,704,99.57,0.43,704
MAHARASHTRA,Chhatrapati Sambhajinagar,Gangapur,2023-24,Soil Health Card RKVY,100.0,0.0,0.0,598,2.5,5.18,92.32,599,1.5,24.87,73.62,599,61.2,37.12,1.67,598,0.0,55.11,44.89,597,0.0,100.0,598,98.0,2.0,599,0.0,100.0,599,24.54,75.46,599,96.66,3.34,599,79.63,20.37,599,91.47,8.53,598
MAHARASHTRA,Chhatrapati Sambhajinagar,Kannad,2023-24,Soil Health Card RKVY,100.0,0.0,0.0,970,0.1,1.44,98.45,970,5.15,23.3,71.55,970,63.4,35.67,0.93,970,0.1,65.6,34.3,968,0.21,99.79,970,100.0,0.0,971,0.31,99.69,971,14.52,85.48,971,99.69,0.31,970,75.9,24.1,971,92.89,7.11,971
MAHARASHTRA,Chhatrapati Sambhajinagar,Khuldabad,2023-24,Soil Health Card RKVY,100.0,0.0,0.0,620,0.16,2.58,97.26,620,0.65,25.97,73.39,620,57.19,42.81,0.0,619,0.0,75.08,24.92,618,0.0,100.0,619,99.84,0.16,620,0.0,100.0,621,26.09,73.91,621,100.0,0.0,621,82.71,17.29,619,99.19,0.81,621
MAHARASHTRA,Chhatrapati Sambhajinagar,Paithan,2023-24,Soil Health Card RKVY,99.67,0.17,0.17,599,1.5,13.36,85.14,599,6.34,16.03,77.63,599,60.1,39.23,0.67,599,0.0,78.63,21.37,599,0.83,99.17,599,99.67,0.33,599,0.67,99.33,598,27.88,72.12,599,99.83,0.17,597,74.25,25.75,598,94.31,5.69,598
MAHARASHTRA,Chhatrapati Sambhajinagar,Phulambri,2023-24,Soil Health Card RKVY,100.0,0.0,0.0,571,0.53,10.86,88.62,571,7.01,14.54,78.46,571,56.74,42.73,0.53,571,0.0,67.08,32.92,571,0.35,99.65,571,93.17,6.83,571,0.0,100.0,571,31.52,68.48,571,98.77,1.23,570,69.18,30.82,571,98.95,1.05,571
MAHARASHTRA,Chhatrapati Sambhajinagar,Sillod,2023-24,Soil Health Card RKVY,99.88,0.12,0.0,813,0.62,8.98,90.41,813,3.32,29.4,67.28,813,59.68,38.96,1.36,811,0.0,76.05,23.95,810,0.12,99.88,809,99.88,0.12,813,3.81,96.19,813,38.38,61.62,813,99.26,0.74,813,82.53,17.47,813,99.02,0.98,813
MAHARASHTRA,Chhatrapati Sambhajinagar,Soegaon,2023-24,Soil Health Card RKVY,98.6,1.4,0.0,573,2.27,16.58,81.15,573,9.08,27.92,63.0,573,51.66,48.17,0.17,573,0.0,68.06,31.94,573,0.17,99.83,573,99.65,0.35,573,0.35,99.65,573,13.13,86.87,571,98.95,1.05,573,75.92,24.08,573,99.48,0.52,573
MAHARASHTRA,Chhatrapati Sambhajinagar,Vaijapur,2023-24,Soil Health Card RKVY,100.0,0.0,0.0,495,1.01,13.54,85.45,495,4.24,15.35,80.4,495,56.57,42.63,0.81,495,0.0,54.75,45.25,495,2.42,97.58,495,100.0,0.0,495,0.2,99.8,495,12.15,87.85,494,97.78,2.22,495,85.05,14.95,495,99.19,0.81,495
MAHARASHTRA,DHARASHIV,Bhum,2023-24,Soil Health Card RKVY,100.0,0.0,0.0,655,95.88,3.97,0.15,655,0.0,27.48,72.52,655,96.48,3.36,0.15,654,0.0,99.85,0.15,655,0.0,100.0,651,0.15,99.85,654,8.24,91.76,655,23.01,76.99,652,98.32,1.68,655,60.4,39.6,654,99.54,0.46,655
MAHARASHTRA,DHARASHIV,Dharashiv,2023-24,Soil Health Card RKVY,100.0,0.0,0.0,361,95.84,3.6,0.55,361,0.55,26.04,73.41,361,99.17,0.83,0.0,361,0.0,100.0,0.0,361,0.0,100.0,361,0.28,99.72,361,11.08,88.92,361,23.82,76.18,361,97.23,2.77,361,55.96,44.04,361,95.57,4.43,361
MAHARASHTRA,DHARASHIV,Kalamb,2023-24,Soil Health Card RKVY,100.0,0.0,0.0,709,92.1,7.76,0.14,709,0.0,28.77,71.23,709,96.9,3.1,0.0,709,0.28,99.72,0.0,709,0.0,100.0,709,0.0,100.0,709,8.32,91.68,709,24.54,75.46,709,99.15,0.85,709,64.03,35.97,709,98.87,1.13,709
MAHARASHTRA,DHARASHIV,Lohara,2023-24,Soil Health Card RKVY,100.0,0.0,0.0,1093,91.58,8.23,0.18,1093,0.64,27.08,72.28,1093,96.79,3.11,0.09,1092,0.0,100.0,0.0,1093,0.09,99.91,1093,0.09,99.91,1093,11.99,88.01,1093,27.08,72.92,1093,98.54,1.46,1093,63.95,36.05,1093,98.63,1.37,1093
MAHARASHTRA,DHARASHIV,Omarga,2023-24,Soil Health Card RKVY,100.0,0.0,0.0,687,94.61,5.39,0.0,687,0.15,23.0,76.86,687,97.22,2.63,0.15,684,0.0,100.0,0.0,687,0.0,100.0,687,0.0,100.0,687,7.28,92.72,687,21.4,78.6,687,98.25,1.75,687,61.28,38.72,687,97.96,2.04,687
MAHARASHTRA,DHARASHIV,Paranda,2023-24,Soil Health Card RKVY,100.0,0.0,0.0,1466,98.5,1.5,0.0,1466,0.48,21.35,78.17,1466,97.82,2.05,0.14,1466,0.07,99.86,0.07,1466,0.0,100.0,1466,0.0,100.0,1466,2.18,97.82,1466,19.99,80.01,1466,98.02,1.98,1466,55.93,44.07,1466,98.43,1.57,1466
MAHARASHTRA,DHARASHIV,Tuljapur,2023-24,Soil Health Card RKVY,100.0,0.0,0.0,272,94.85,5.15,0.0,272,0.0,23.16,76.84,272,100.0,0.0,0.0,272,0.0,100.0,0.0,272,0.0,100.0,272,0.0,100.0,272,3.68,96.32,272,26.47,73.53,272,97.79,2.21,272,50.74,49.26,272,100.0,0.0,272
MAHARASHTRA,DHARASHIV,Washi,2023-24,Soil Health Card RKVY,100.0,0.0,0.0,520,94.42,5.19,0.38,520,3.08,20.96,75.96,520,98.65,1.15,0.19,520,0.19,99.81,0.0,520,0.0,100.0,520,0.19,99.81,520,4.81,95.19,520,24.04,75.96,520,98.46,1.54,520,57.5,42.5,520,100.0,0.0,520
MAHARASHTRA,DHULE,Dhule,2023-24,Soil Health Card RKVY,98.57,1.36,0.06,1612,3.78,82.26,13.96,1612,0.12,0.87,99.01,1612,68.73,30.96,0.31,1612,0.06,99.88,0.06,1612,0.0,100.0,1612,80.89,19.11,1612,66.0,34.0,1612,69.85,30.15,1612,100.0,0.0,1612,74.94,25.06,1612,100.0,0.0,1612
MAHARASHTRA,DHULE,Sakri,2023-24,Soil Health Card RKVY,97.6,2.31,0.09,1127,2.04,88.64,9.32,1127,0.0,0.71,99.29,1127,69.92,29.72,0.35,1127,0.0,99.91,0.09,1127,0.0,100.0,1127,89.62,10.38,1127,71.43,28.57,1127,65.84,34.16,1127,99.91,0.09,1127,72.76,27.24,1127,100.0,0.0,1127
MAHARASHTRA,DHULE,Shirpur,2023-24,Soil Health Card RKVY,99.2,0.75,0.05,2005,5.39,84.39,10.22,2005,0.25,2.0,97.76,2005,63.04,35.46,1.5,2005,0.0,99.95,0.05,2005,0.25,99.75,2005,85.84,14.16,2005,64.59,35.41,2005,66.32,33.68,2004,100.0,0.0,2005,74.65,25.35,2004,99.1,0.9,2005
MAHARASHTRA,DHULE,Sindkhede,2023-24,Soil Health Card RKVY,98.16,1.71,0.12,2449,3.96,83.79,12.25,2449,0.33,1.76,97.92,2449,62.84,35.93,1.22,2449,0.0,100.0,0.0,2449,0.08,99.92,2449,81.54,18.46,2449,69.29,30.71,2449,69.91,30.09,2449,100.0,0.0,2448,71.58,28.42,2449,98.9,1.1,2449
MAHARASHTRA,GADCHIROLI,Aheri,2023-24,Soil Health Card RKVY,99.49,0.2,0.31,977,63.36,35.11,1.54,977,9.21,88.13,2.66,977,33.06,50.97,15.97,977,6.66,91.6,1.74,976,0.0,100.0,977,45.24,54.76,977,32.58,67.42,976,15.05,84.95,977,56.35,43.65,976,64.65,35.35,973,29.71,70.29,976
MAHARASHTRA,GADCHIROLI,Armori,2023-24,Soil Health Card RKVY,96.54,3.19,0.27,376,44.15,55.59,0.27,376,1.06,97.34,1.6,376,34.31,56.38,9.31,376,48.94,50.53,0.53,376,0.27,99.73,376,28.46,71.54,376,19.15,80.85,376,14.63,85.37,376,64.88,35.12,373,68.88,31.12,376,12.23,87.77,376
MAHARASHTRA,GADCHIROLI,Bhamragad,2023-24,Soil Health Card RKVY,98.42,1.18,0.39,507,22.24,77.17,0.59,508,3.94,94.09,1.97,508,21.65,52.36,25.98,508,12.23,87.57,0.2,507,0.2,99.8,507,54.13,45.87,508,47.23,52.77,506,26.38,73.62,508,74.5,25.5,498,85.8,14.2,507,20.36,79.64,506
MAHARASHTRA,GADCHIROLI,Chamorshi,2023-24,Soil Health Card RKVY,93.53,6.31,0.16,634,52.84,46.69,0.47,634,1.42,95.11,3.47,634,46.06,48.42,5.52,634,6.62,93.06,0.32,634,0.16,99.84,634,41.64,58.36,634,25.87,74.13,634,20.22,79.78,633,50.84,49.16,592,58.45,41.55,633,21.14,78.86,634
MAHARASHTRA,GADCHIROLI,Desaiganj (Vadasa),2023-24,Soil Health Card RKVY,87.56,12.19,0.25,796,40.2,59.42,0.38,796,3.64,92.96,3.39,796,36.02,50.76,13.22,794,21.41,77.83,0.76,794,0.0,100.0,794,26.13,73.87,796,31.78,68.22,796,26.38,73.62,796,56.66,43.34,796,77.64,22.36,796,21.23,78.77,796
MAHARASHTRA,GADCHIROLI,Dhanora,2023-24,Soil Health Card RKVY,99.7,0.3,0.0,336,48.81,50.3,0.89,336,2.98,90.77,6.25,336,33.63,52.38,13.99,336,28.57,70.83,0.6,336,0.0,100.0,336,30.65,69.35,336,13.69,86.31,336,14.88,85.12,336,48.36,51.64,335,78.27,21.73,336,3.27,96.73,336
MAHARASHTRA,GADCHIROLI,Etapalli,2023-24,Soil Health Card RKVY,98.37,1.51,0.12,860,49.71,49.94,0.35,861,0.7,96.52,2.79,861,40.12,52.21,7.67,860,16.76,83.12,0.12,859,0.23,99.77,858,36.47,63.53,861,8.36,91.64,861,11.48,88.52,862,38.02,61.98,847,86.17,13.83,853,6.65,93.35,842
MAHARASHTRA,GADCHIROLI,Gadchiroli,2023-24,Soil Health Card RKVY,98.89,1.11,0.0,539,54.55,44.71,0.74,539,3.71,94.81,1.48,539,38.4,44.34,17.25,539,38.22,61.04,0.74,539,0.56,99.44,538,33.02,66.98,539,25.6,74.4,539,12.43,87.57,539,53.62,46.38,539,59.93,40.07,539,26.9,73.1,539
MAHARASHTRA,GADCHIROLI,Korchi,2023-24,Soil Health Card RKVY,100.0,0.0,0.0,27,70.37,29.63,0.0,27,11.11,88.89,0.0,27,18.52,59.26,22.22,27,22.22,77.78,0.0,27,0.0,100.0,27,25.93,74.07,27,33.33,66.67,27,11.11,88.89,27,77.78,22.22,27,42.31,57.69,26,44.44,55.56,27
MAHARASHTRA,GADCHIROLI,Kurkheda,2023-24,Soil Health Card RKVY,98.29,1.58,0.13,760,36.05,62.5,1.45,760,6.58,92.11,1.32,760,31.97,40.13,27.89,760,23.88,76.12,0.0,758,3.82,96.18,760,15.39,84.61,760,28.16,71.84,760,17.63,82.37,760,58.92,41.08,757,75.13,24.87,760,6.46,93.54,758
MAHARASHTRA,GADCHIROLI,Mulchera,2023-24,Soil Health Card RKVY,99.82,0.09,0.09,1117,48.52,50.94,0.54,1117,1.07,97.94,0.98,1117,34.32,56.09,9.59,1116,3.85,93.29,2.86,1117,0.18,99.82,1114,32.14,67.86,1117,21.33,78.67,1116,14.23,85.77,1117,42.96,57.04,1108,81.1,18.9,1111,7.73,92.27,1112
MAHARASHTRA,GADCHIROLI,Sironcha,2023-24,Soil Health Card RKVY,99.38,0.5,0.12,804,56.09,43.16,0.75,804,2.74,95.52,1.74,804,38.93,50.87,10.2,804,12.83,87.05,0.12,803,0.37,99.63,804,45.15,54.85,804,14.93,85.07,804,10.82,89.18,804,41.54,58.46,804,79.23,20.77,804,7.96,92.04,804
MAHARASHTRA,GONDIA,Amgaon,2023-24,Soil Health Card RKVY,54.98,45.02,0.0,602,0.33,94.51,5.16,601,0.17,62.29,37.54,602,89.37,9.8,0.83,602,0.0,98.01,1.99,602,0.17,99.83,602,20.27,79.73,602,99.34,0.66,602,10.96,89.04,602,31.23,68.77,602,3.49,96.51,602,97.51,2.49,602
MAHARASHTRA,GONDIA,Arjuni Morgaon,2023-24,Soil Health Card RKVY,10.89,89.11,0.0,597,0.34,98.83,0.84,597,0.5,92.63,6.87,597,30.54,68.12,1.34,596,0.0,100.0,0.0,595,0.17,99.83,596,49.75,50.25,597,99.5,0.5,597,86.26,13.74,597,99.66,0.34,596,91.29,8.71,597,99.66,0.34,596
MAHARASHTRA,GONDIA,Deori,2023-24,Soil Health Card RKVY,45.06,54.94,0.0,162,0.62,98.15,1.23,162,0.62,84.57,14.81,162,38.27,56.79,4.94,162,0.0,100.0,0.0,162,0.0,100.0,162,46.3,53.7,162,98.77,1.23,162,59.26,40.74,162,82.72,17.28,162,70.37,29.63,162,97.53,2.47,162
MAHARASHTRA,GONDIA,Gondiya,2023-24,Soil Health Card RKVY,49.75,50.08,0.17,605,0.5,96.53,2.98,605,0.0,85.62,14.38,605,56.13,43.05,0.83,604,0.33,98.84,0.83,605,0.0,100.0,604,45.29,54.71,605,99.01,0.99,605,45.2,54.8,604,58.35,41.65,605,41.32,58.68,605,93.88,6.12,605
MAHARASHTRA,GONDIA,Goregaon,2023-24,Soil Health Card RKVY,96.13,3.87,0.0,620,0.32,90.81,8.87,620,0.0,94.19,5.81,620,48.87,31.45,19.68,620,0.16,99.68,0.16,620,0.0,100.0,620,19.35,80.65,620,100.0,0.0,620,5.97,94.03,620,39.74,60.26,619,10.99,89.01,619,96.77,3.23,620
MAHARASHTRA,GONDIA,Sadak-Arjuni,2023-24,Soil Health Card RKVY,31.81,68.19,0.0,720,0.83,96.25,2.92,720,0.28,96.39,3.33,720,50.83,44.31,4.86,720,0.14,99.86,0.0,720,0.14,99.86,720,15.14,84.86,720,99.44,0.56,720,60.0,40.0,720,91.11,8.89,720,65.83,34.17,720,97.78,2.22,720
MAHARASHTRA,GONDIA,Salekasa,2023-24,Soil Health Card RKVY,59.69,40.31,0.0,449,0.89,89.09,10.02,449,0.22,95.77,4.01,449,45.66,46.99,7.35,449,0.0,99.78,0.22,449,0.45,99.55,449,21.83,78.17,449,99.33,0.67,449,38.17,61.83,448,72.32,27.68,448,48.33,51.67,449,90.2,9.8,449
MAHARASHTRA,GONDIA,Tirora,2023-24,Soil Health Card RKVY,50.67,49.33,0.0,519,0.0,91.14,8.86,519,0.39,88.25,11.37,519,10.02,68.98,21.0,519,0.0,100.0,0.0,519,0.19,99.81,519,52.41,47.59,519,99.42,0.58,519,46.05,53.95,519,78.96,21.04,518,49.71,50.29,519,93.26,6.74,519
MAHARASHTRA,HINGOLI,Aundha (Nagnath),2023-24,Soil Health Card RKVY,27.86,72.14,0.0,700,23.57,75.71,0.71,700,0.43,30.57,69.0,700,57.29,42.57,0.14,700,0.0,100.0,0.0,700,0.0,100.0,700,33.57,66.43,700,79.43,20.57,700,64.57,35.43,700,100.0,0.0,700,60.86,39.14,700,98.71,1.29,700
MAHARASHTRA,HINGOLI,Hingoli,2023-24,Soil Health Card RKVY,32.71,67.29,0.0,749,13.35,82.64,4.01,749,0.0,18.16,81.84,749,63.55,35.65,0.8,749,0.0,100.0,0.0,749,0.0,100.0,749,40.32,59.68,749,67.02,32.98,749,57.94,42.06,749,99.87,0.13,749,65.82,34.18,749,98.53,1.47,749
MAHARASHTRA,HINGOLI,Kalamnuri,2023-24,Soil Health Card RKVY,60.65,39.35,0.0,676,19.97,80.03,0.0,676,2.81,23.22,73.96,676,81.51,18.05,0.44,676,0.0,100.0,0.0,676,0.0,100.0,676,35.36,64.64,676,57.99,42.01,676,42.01,57.99,676,95.86,4.14,676,52.22,47.78,676,96.45,3.55,676
MAHARASHTRA,HINGOLI,Sengaon,2023-24,Soil Health Card RKVY,38.81,61.19,0.0,724,10.91,89.09,0.0,724,0.28,19.75,79.97,724,66.16,32.87,0.97,724,0.0,100.0,0.0,724,0.0,100.0,724,28.87,71.13,724,64.78,35.22,724,55.66,44.34,724,99.17,0.83,724,62.98,37.02,724,97.93,2.07,724
MAHARASHTRA,HINGOLI,Vasmath,2023-24,Soil Health Card RKVY,33.02,65.78,1.2,751,29.83,69.64,0.53,751,0.0,23.97,76.03,751,65.91,32.36,1.73,751,0.0,99.87,0.13,751,0.0,100.0,751,51.93,48.07,751,85.22,14.78,751,63.25,36.75,751,99.6,0.4,751,54.33,45.67,751,100.0,0.0,751
MAHARASHTRA,JALGAON,Amalner,2023-24,Soil Health Card RKVY,99.82,0.0,0.18,542,0.0,99.63,0.37,542,0.37,20.3,79.34,542,35.3,26.25,38.45,541,0.0,97.42,2.58,542,0.18,99.82,542,72.51,27.49,542,0.18,99.82,542,33.95,66.05,542,100.0,0.0,542,96.31,3.69,542,100.0,0.0,542
MAHARASHTRA,JALGAON,Bhadgaon,2023-24,Soil Health Card RKVY,100.0,0.0,0.0,600,1.17,98.67,0.17,600,0.0,17.33,82.67,600,48.83,44.0,7.17,600,0.0,89.67,10.33,600,0.0,100.0,600,22.33,77.67,600,6.33,93.67,600,30.5,69.5,600,100.0,0.0,600,90.67,9.33,600,97.83,2.17,600
MAHARASHTRA,JALGAON,Bhusawal,2023-24,Soil Health Card RKVY,86.89,12.9,0.21,473,0.21,99.15,0.63,473,0.0,0.0,100.0,473,90.06,9.94,0.0,473,0.0,99.79,0.21,473,0.0,100.0,473,49.47,50.53,473,1.06,98.94,473,28.75,71.25,473,100.0,0.0,472,96.41,3.59,473,100.0,0.0,473
MAHARASHTRA,JALGAON,Bodvad,2023-24,Soil Health Card RKVY,100.0,0.0,0.0,601,1.16,98.5,0.33,601,0.33,22.3,77.37,601,39.1,52.91,7.99,601,0.0,100.0,0.0,600,0.17,99.83,601,0.0,100.0,601,9.48,90.52,601,33.61,66.39,601,100.0,0.0,601,93.51,6.49,601,100.0,0.0,601
MAHARASHTRA,JALGAON,Chalisgaon,2023-24,Soil Health Card RKVY,100.0,0.0,0.0,600,2.5,96.33,1.17,600,0.67,24.83,74.5,600,57.83,26.17,16.0,600,0.17,98.33,1.5,600,0.0,100.0,600,7.67,92.33,600,9.17,90.83,600,31.33,68.67,600,100.0,0.0,600,98.33,1.67,600,100.0,0.0,600
MAHARASHTRA,JALGAON,Chopda,2023-24,Soil Health Card RKVY,100.0,0.0,0.0,523,6.87,90.27,2.86,524,0.0,0.57,99.43,524,83.04,16.96,0.0,519,0.0,99.61,0.39,512,3.68,96.32,516,80.61,19.39,526,74.48,25.52,525,72.71,27.29,524,100.0,0.0,524,95.82,4.18,526,100.0,0.0,525
MAHARASHTRA,JALGAON,Dharangaon,2023-24,Soil Health Card RKVY,100.0,0.0,0.0,491,1.63,98.17,0.2,491,0.2,7.74,92.06,491,48.88,25.25,25.87,491,0.0,98.57,1.43,491,0.0,100.0,490,55.19,44.81,491,4.28,95.72,491,24.44,75.56,491,100.0,0.0,491,90.63,9.37,491,99.8,0.2,491
MAHARASHTRA,JALGAON,Erandol,2023-24,Soil Health Card RKVY,99.63,0.37,0.0,540,1.3,98.33,0.37,540,0.0,10.93,89.07,540,62.59,31.85,5.56,540,0.0,97.59,2.41,540,0.0,100.0,540,35.93,64.07,540,1.85,98.15,540,28.52,71.48,540,100.0,0.0,540,95.74,4.26,540,97.04,2.96,540
MAHARASHTRA,JALGAON,Jalgaon,2023-24,Soil Health Card RKVY,100.0,0.0,0.0,481,10.4,87.94,1.66,481,0.0,0.21,99.79,481,82.95,17.05,0.0,481,0.0,100.0,0.0,481,2.49,97.51,481,77.96,22.04,481,75.05,24.95,481,71.1,28.9,481,100.0,0.0,481,95.43,4.57,481,100.0,0.0,481
MAHARASHTRA,JALGAON,Jamner,2023-24,Soil Health Card RKVY,100.0,0.0,0.0,595,9.24,88.74,2.02,595,0.0,0.0,100.0,595,76.97,22.69,0.34,595,0.0,100.0,0.0,595,8.24,91.76,595,73.78,26.22,595,72.27,27.73,595,73.45,26.55,595,100.0,0.0,595,93.28,6.72,595,100.0,0.0,595
MAHARASHTRA,JALGAON,Muktainagar (Edlabad),2023-24,Soil Health Card RKVY,99.83,0.17,0.0,601,0.33,98.83,0.83,600,1.5,0.0,98.5,601,88.52,11.48,0.0,601,0.0,94.68,5.32,601,0.0,100.0,601,0.5,99.5,601,10.65,89.35,601,36.11,63.89,601,100.0,0.0,598,95.01,4.99,601,100.0,0.0,601
MAHARASHTRA,JALGAON,Pachora,2023-24,Soil Health Card RKVY,99.83,0.17,0.0,600,0.33,99.5,0.17,600,0.0,24.0,76.0,600,38.5,31.5,30.0,600,0.0,95.83,4.17,600,0.0,100.0,600,8.17,91.83,600,8.33,91.67,600,33.67,66.33,600,100.0,0.0,600,95.17,4.83,600,99.83,0.17,600
MAHARASHTRA,JALGAON,Parola,2023-24,Soil Health Card RKVY,99.62,0.0,0.38,532,1.13,98.12,0.75,532,0.38,14.47,85.15,532,64.29,30.64,5.08,532,0.0,99.25,0.75,532,0.0,100.0,532,49.44,50.56,532,7.14,92.86,532,54.32,45.68,532,100.0,0.0,532,91.92,8.08,532,100.0,0.0,532
MAHARASHTRA,JALGAON,Raver,2023-24,Soil Health Card RKVY,100.0,0.0,0.0,528,11.36,87.12,1.52,528,0.0,0.0,100.0,528,74.62,24.81,0.57,528,0.0,99.81,0.19,528,3.79,96.21,528,76.89,23.11,528,49.62,50.38,528,69.32,30.68,528,100.0,0.0,528,94.32,5.68,528,100.0,0.0,528
MAHARASHTRA,JALGAON,Yawal,2023-24,Soil Health Card RKVY,87.33,12.67,0.0,584,0.86,98.97,0.17,584,1.71,0.17,98.12,584,94.18,5.65,0.17,584,0.0,99.66,0.34,584,0.0,100.0,584,57.36,42.64,584,0.51,99.49,584,33.9,66.1,584,100.0,0.0,580,95.38,4.62,584,99.66,0.34,584
MAHARASHTRA,JALNA,Ambad,2023-24,Soil Health Card RKVY,100.0,0.0,0.0,741,5.4,87.18,7.42,741,0.0,14.57,85.43,741,91.23,8.64,0.13,741,0.0,99.6,0.4,741,0.0,100.0,741,59.11,40.89,741,0.27,99.73,741,84.73,15.27,740,99.87,0.13,741,37.25,62.75,741,99.87,0.13,741
MAHARASHTRA,JALNA,Badnapur,2023-24,Soil Health Card RKVY,99.75,0.25,0.0,804,6.22,89.05,4.73,804,0.0,13.18,86.82,804,88.31,11.57,0.12,804,0.0,97.26,2.74,804,0.0,100.0,804,40.67,59.33,804,1.49,98.51,804,74.5,25.5,804,99.88,0.12,804,33.33,66.67,804,99.88,0.12,804
MAHARASHTRA,JALNA,Bhokardan,2023-24,Soil Health Card RKVY,99.71,0.29,0.0,692,4.91,65.17,29.91,692,0.0,8.96,91.04,692,79.77,20.09,0.14,692,0.0,99.28,0.72,692,0.0,100.0,692,68.06,31.94,692,0.0,100.0,692,63.87,36.13,692,100.0,0.0,692,38.58,61.42,692,100.0,0.0,692
MAHARASHTRA,JALNA,Ghansawangi,2023-24,Soil Health Card RKVY,100.0,0.0,0.0,613,12.89,82.06,5.06,613,0.0,8.48,91.52,613,81.73,18.11,0.16,613,0.0,99.67,0.33,612,0.16,99.84,613,52.85,47.15,613,0.0,100.0,613,67.37,32.63,613,100.0,0.0,613,46.0,54.0,613,100.0,0.0,613
MAHARASHTRA,JALNA,Jafrabad,2023-24,Soil Health Card RKVY,100.0,0.0,0.0,1006,5.17,88.37,6.46,1006,0.1,26.04,73.86,1006,91.15,8.75,0.1,1006,0.0,99.5,0.5,1006,0.1,99.9,1006,49.11,50.89,1006,0.99,99.01,1006,84.39,15.61,1006,99.9,0.1,1006,39.26,60.74,1006,99.7,0.3,1006
MAHARASHTRA,JALNA,Jalna,2023-24,Soil Health Card RKVY,99.86,0.14,0.0,691,6.37,88.86,4.78,691,0.0,9.41,90.59,691,90.16,9.12,0.72,691,0.0,99.57,0.43,691,0.14,99.86,691,42.26,57.74,691,1.01,98.99,691,80.46,19.54,691,100.0,0.0,691,41.65,58.35,689,99.71,0.29,691
MAHARASHTRA,JALNA,Mantha,2023-24,Soil Health Card RKVY,100.0,0.0,0.0,702,6.27,82.05,11.68,702,0.0,16.81,83.19,702,90.6,9.12,0.28,702,0.0,99.86,0.14,702,0.14,99.86,701,58.97,41.03,702,0.14,99.86,702,75.21,24.79,702,100.0,0.0,702,36.75,63.25,702,99.86,0.14,702
MAHARASHTRA,JALNA,Partur,2023-24,Soil Health Card RKVY,100.0,0.0,0.0,622,3.54,82.48,13.99,622,0.0,8.36,91.64,622,81.19,18.81,0.0,622,0.0,99.52,0.48,622,0.0,100.0,622,84.41,15.59,622,0.0,100.0,622,56.27,43.73,622,100.0,0.0,622,46.62,53.38,622,100.0,0.0,622
MAHARASHTRA,KOLHAPUR,Ajra,2023-24,Soil Health Card RKVY,75.44,22.51,2.05,342,10.23,16.67,73.1,342,6.14,29.53,64.33,342,9.94,34.5,55.56,342,16.96,83.04,0.0,342,0.0,100.0,342,100.0,0.0,342,33.04,66.96,342,2.05,97.95,342,100.0,0.0,342,100.0,0.0,342,97.95,2.05,342
MAHARASHTRA,KOLHAPUR,Bhudargad,2023-24,Soil Health Card RKVY,65.11,30.91,3.98,1155,2.34,5.45,92.21,1155,2.6,29.7,67.71,1155,12.55,26.23,61.21,1155,0.43,99.48,0.09,1155,0.09,99.91,1155,99.05,0.95,1155,25.45,74.55,1155,16.8,83.2,1155,97.4,2.6,1155,88.05,11.95,1155,99.65,0.35,1155
MAHARASHTRA,KOLHAPUR,Chandgad,2023-24,Soil Health Card RKVY,62.57,36.06,1.38,943,2.23,4.67,93.11,943,4.24,46.34,49.42,943,3.82,16.44,79.75,943,2.44,97.56,0.0,943,0.0,100.0,943,95.33,4.67,943,45.07,54.93,943,26.19,73.81,943,96.92,3.08,943,89.18,10.82,943,99.79,0.21,943
MAHARASHTRA,KOLHAPUR,Gadhinglaj,2023-24,Soil Health Card RKVY,59.56,36.87,3.57,868,1.5,6.81,91.7,867,6.45,50.69,42.86,868,7.03,14.4,78.57,868,0.12,99.88,0.0,868,0.12,99.88,868,80.76,19.24,868,85.25,14.75,868,43.2,56.8,868,99.08,0.92,868,94.82,5.18,868,99.77,0.23,868
MAHARASHTRA,KOLHAPUR,Gaganbawada,2023-24,Soil Health Card RKVY,83.33,15.49,1.17,426,0.47,1.88,97.65,426,7.51,49.3,43.19,426,27.7,26.06,46.24,426,4.46,95.54,0.0,426,0.23,99.77,426,98.83,1.17,426,10.33,89.67,426,10.09,89.91,426,99.06,0.94,426,100.0,0.0,426,100.0,0.0,426
MAHARASHTRA,KOLHAPUR,Hatkanangle,2023-24,Soil Health Card RKVY,58.09,32.08,9.83,1038,1.83,7.42,90.75,1038,7.61,36.22,56.17,1038,7.42,22.45,70.13,1038,0.67,99.33,0.0,1038,0.1,99.9,1038,97.78,2.22,1038,68.02,31.98,1038,30.09,69.91,1037,99.13,0.87,1038,92.29,7.71,1038,98.55,1.45,1038
MAHARASHTRA,KOLHAPUR,Kagal,2023-24,Soil Health Card RKVY,59.31,40.4,0.29,693,2.31,9.96,87.73,693,12.7,45.45,41.85,693,3.46,15.44,81.1,693,0.0,100.0,0.0,693,0.0,100.0,693,100.0,0.0,693,45.17,54.83,693,16.16,83.84,693,99.28,0.72,693,98.7,1.3,693,99.42,0.58,693
MAHARASHTRA,KOLHAPUR,Karvir,2023-24,Soil Health Card RKVY,42.17,41.08,16.75,1475,1.63,5.22,93.15,1475,9.02,35.53,55.46,1475,12.54,17.56,69.9,1475,0.0,99.93,0.07,1475,2.17,97.83,1475,99.86,0.14,1475,45.36,54.64,1475,29.65,70.35,1474,99.12,0.88,1475,97.22,2.78,1475,99.46,0.54,1475
MAHARASHTRA,KOLHAPUR,Panhala,2023-24,Soil Health Card RKVY,34.91,38.6,26.49,487,7.8,6.16,86.04,487,16.43,37.99,45.59,487,11.09,21.77,67.15,487,0.41,99.59,0.0,487,0.62,99.38,487,99.79,0.21,487,33.47,66.53,487,53.59,46.41,487,96.3,3.7,487,58.11,41.89,487,97.13,2.87,487
MAHARASHTRA,KOLHAPUR,Radhanagari,2023-24,Soil Health Card RKVY,30.53,65.11,4.36,665,3.46,4.21,92.33,665,19.7,41.65,38.65,665,12.03,22.56,65.41,665,0.45,99.4,0.15,665,0.15,99.85,665,100.0,0.0,665,22.71,77.29,665,40.15,59.85,665,99.55,0.45,665,74.89,25.11,665,100.0,0.0,665
MAHARASHTRA,KOLHAPUR,Shahuwadi,2023-24,Soil Health Card RKVY,71.59,27.83,0.58,345,0.0,4.06,95.94,345,9.57,26.67,63.77,345,15.65,27.83,56.52,345,0.87,99.13,0.0,345,8.99,91.01,345,99.71,0.29,345,20.87,79.13,345,78.26,21.74,345,100.0,0.0,345,24.35,75.65,345,100.0,0.0,345
MAHARASHTRA,KOLHAPUR,Shirol,2023-24,Soil Health Card RKVY,37.93,57.64,4.43,203,1.97,4.93,93.1,203,8.87,14.78,76.35,203,3.45,18.72,77.83,203,0.0,100.0,0.0,203,11.82,88.18,203,100.0,0.0,203,81.28,18.72,203,39.41,60.59,203,100.0,0.0,203,100.0,0.0,203,100.0,0.0,203
MAHARASHTRA,LATUR,Ahmadpur,2023-24,Soil Health Card RKVY,98.44,1.24,0.31,643,49.3,50.54,0.16,643,0.31,0.16,99.53,644,93.0,6.69,0.31,643,0.16,99.69,0.16,642,1.09,98.91,642,0.16,99.84,644,76.71,23.29,644,58.23,41.77,644,100.0,0.0,644,0.31,99.69,644,99.84,0.16,644
MAHARASHTRA,LATUR,Ausa,2023-24,Soil Health Card RKVY,99.69,0.16,0.16,644,50.0,49.84,0.16,644,0.0,0.0,100.0,644,85.4,14.6,0.0,644,0.0,100.0,0.0,643,0.0,100.0,644,0.47,99.53,644,92.7,7.3,644,54.5,45.5,644,100.0,0.0,644,0.0,100.0,644,100.0,0.0,644
MAHARASHTRA,LATUR,Chakur,2023-24,Soil Health Card RKVY,99.08,0.81,0.12,867,52.83,46.83,0.35,867,0.12,0.23,99.65,867,65.17,34.83,0.0,867,0.0,99.77,0.23,867,0.12,99.88,867,0.12,99.88,867,84.43,15.57,867,65.05,34.95,867,100.0,0.0,866,0.58,99.42,867,100.0,0.0,867
MAHARASHTRA,LATUR,Deoni,2023-24,Soil Health Card RKVY,93.75,6.25,0.0,752,30.28,69.72,0.0,753,0.27,0.0,99.73,754,95.32,4.14,0.53,748,0.0,100.0,0.0,746,0.67,99.33,747,0.66,99.34,755,87.3,12.7,756,63.89,36.11,756,100.0,0.0,756,0.53,99.47,756,100.0,0.0,756
MAHARASHTRA,LATUR,Jalkot,2023-24,Soil Health Card RKVY,97.51,2.49,0.0,481,51.77,48.23,0.0,481,0.0,0.0,100.0,481,83.37,16.22,0.42,481,0.42,99.38,0.21,481,1.25,98.75,481,0.21,99.79,481,86.49,13.51,481,60.5,39.5,481,100.0,0.0,481,0.21,99.79,481,100.0,0.0,481
MAHARASHTRA,LATUR,Latur,2023-24,Soil Health Card RKVY,99.75,0.25,0.0,798,47.99,52.01,0.0,798,0.0,0.0,100.0,798,70.3,29.7,0.0,798,0.0,99.37,0.63,798,0.75,99.25,798,0.0,100.0,798,80.58,19.42,798,54.01,45.99,798,100.0,0.0,798,0.25,99.75,798,99.87,0.13,798
MAHARASHTRA,LATUR,Nilanga,2023-24,Soil Health Card RKVY,99.54,0.46,0.0,656,46.88,52.82,0.3,657,0.0,0.0,100.0,657,85.98,14.02,0.0,656,0.0,99.39,0.61,656,0.0,100.0,656,0.3,99.7,657,66.36,33.64,657,44.75,55.25,657,100.0,0.0,657,0.46,99.54,657,99.7,0.3,657
MAHARASHTRA,LATUR,Renapur,2023-24,Soil Health Card RKVY,95.0,4.77,0.23,440,44.77,54.77,0.45,440,0.0,0.0,100.0,440,80.23,19.77,0.0,440,0.0,98.86,1.14,440,0.45,99.55,440,0.0,100.0,440,62.05,37.95,440,41.82,58.18,440,100.0,0.0,440,0.23,99.77,440,99.55,0.45,440
MAHARASHTRA,LATUR,Shirur Anantpal,2023-24,Soil Health Card RKVY,98.69,1.19,0.12,837,49.46,50.54,0.0,837,0.12,0.12,99.76,837,94.5,5.38,0.12,837,0.0,100.0,0.0,837,0.6,99.4,837,0.24,99.76,837,69.06,30.94,837,52.99,47.01,836,100.0,0.0,837,0.36,99.64,837,99.52,0.48,837
MAHARASHTRA,LATUR,Udgir,2023-24,Soil Health Card RKVY,98.88,1.12,0.0,534,31.46,68.35,0.19,534,0.56,0.0,99.44,534,96.25,3.56,0.19,534,0.0,99.63,0.37,534,0.56,99.44,534,0.19,99.81,534,77.34,22.66,534,54.49,45.51,534,100.0,0.0,534,0.56,99.44,534,100.0,0.0,534
MAHARASHTRA,NAGPUR,Bhiwapur,2023-24,Soil Health Card RKVY,94.49,5.51,0.0,890,21.35,61.69,16.97,890,5.96,20.22,73.82,890,94.83,4.72,0.45,890,0.0,100.0,0.0,889,0.0,100.0,889,2.81,97.19,890,20.56,79.44,890,64.27,35.73,890,99.89,0.11,885,73.26,26.74,890,89.44,10.56,890
MAHARASHTRA,NAGPUR,Hingna,2023-24,Soil Health Card RKVY,86.19,12.01,1.8,333,1.2,69.37,29.43,333,0.3,3.0,96.7,333,86.75,11.14,2.11,332,0.0,99.7,0.3,333,0.0,100.0,333,2.7,97.3,333,8.41,91.59,333,84.94,15.06,332,100.0,0.0,333,99.4,0.6,333,91.59,8.41,333
MAHARASHTRA,NAGPUR,Kalameshwar,2023-24,Soil Health Card RKVY,18.12,79.61,2.27,309,0.32,22.98,76.7,309,3.88,22.01,74.11,309,59.87,30.42,9.71,309,0.32,99.35,0.32,309,0.0,100.0,309,0.0,100.0,309,21.68,78.32,309,71.52,28.48,309,100.0,0.0,309,73.14,26.86,309,90.61,9.39,309
MAHARASHTRA,NAGPUR,Kamptee,2023-24,Soil Health Card RKVY,89.93,9.93,0.14,735,15.51,54.69,29.8,735,0.27,11.56,88.16,735,73.47,22.86,3.67,735,0.0,99.46,0.54,735,0.0,100.0,735,0.27,99.73,735,12.79,87.21,735,68.44,31.56,735,100.0,0.0,735,77.28,22.72,735,97.28,2.72,735
MAHARASHTRA,NAGPUR,Katol,2023-24,Soil Health Card RKVY,78.12,21.78,0.1,955,7.33,61.68,30.99,955,1.99,12.03,85.98,956,72.46,21.68,5.86,955,0.0,99.9,0.1,955,0.1,99.9,955,4.92,95.08,956,32.43,67.57,956,27.49,72.51,953,99.79,0.21,956,75.63,24.37,956,88.81,11.19,956
MAHARASHTRA,NAGPUR,Kuhi,2023-24,Soil Health Card RKVY,80.95,12.8,6.25,992,15.01,56.7,28.3,993,16.52,26.38,57.1,993,89.4,9.79,0.81,991,0.0,100.0,0.0,992,0.0,100.0,992,3.83,96.17,993,17.93,82.07,993,60.02,39.98,993,100.0,0.0,991,76.13,23.87,993,95.67,4.33,993
MAHARASHTRA,NAGPUR,Mauda,2023-24,Soil Health Card RKVY,87.74,12.26,0.0,318,14.47,60.38,25.16,318,1.57,5.66,92.77,318,70.44,24.21,5.35,318,0.0,95.91,4.09,318,0.31,99.69,318,0.31,99.69,318,0.63,99.37,318,50.31,49.69,318,100.0,0.0,318,71.38,28.62,318,98.11,1.89,318
MAHARASHTRA,NAGPUR,Nagpur (Rural),2023-24,Soil Health Card RKVY,69.55,30.45,0.0,624,9.46,37.34,53.21,624,0.16,12.98,86.86,624,62.82,24.04,13.14,624,0.0,97.6,2.4,624,0.32,99.68,624,1.44,98.56,624,4.33,95.67,624,56.09,43.91,624,99.68,0.32,624,75.32,24.68,624,82.69,17.31,624
MAHARASHTRA,NAGPUR,Narkhed,2023-24,Soil Health Card RKVY,92.48,7.41,0.11,891,4.71,79.69,15.6,891,2.47,12.57,84.96,891,90.55,9.11,0.34,889,0.0,99.66,0.34,891,0.0,100.0,891,2.81,97.19,891,14.81,85.19,891,62.85,37.15,891,99.44,0.56,891,68.8,31.2,891,84.4,15.6,891
MAHARASHTRA,NAGPUR,Parseoni,2023-24,Soil Health Card RKVY,98.42,1.58,0.0,569,8.26,60.28,31.46,569,1.76,7.91,90.33,569,69.6,25.66,4.75,569,0.0,99.82,0.18,569,0.0,100.0,569,0.53,99.47,569,14.76,85.24,569,47.28,52.72,569,96.31,3.69,569,64.5,35.5,569,95.61,4.39,569
MAHARASHTRA,NAGPUR,Ramtek,2023-24,Soil Health Card RKVY,71.57,28.43,0.0,306,16.67,52.29,31.05,306,0.0,8.17,91.83,306,79.74,15.69,4.58,306,0.0,98.37,1.63,306,0.33,99.67,306,0.0,100.0,306,0.0,100.0,306,65.03,34.97,306,100.0,0.0,306,87.58,12.42,306,98.37,1.63,306
MAHARASHTRA,NAGPUR,Savner,2023-24,Soil Health Card RKVY,100.0,0.0,0.0,373,0.8,66.22,32.98,373,0.54,12.87,86.6,373,88.74,9.92,1.34,373,0.0,99.19,0.81,372,0.0,100.0,373,0.0,100.0,373,5.09,94.91,373,53.35,46.65,373,96.78,3.22,373,80.43,19.57,373,98.93,1.07,373
MAHARASHTRA,NAGPUR,Umred,2023-24,Soil Health Card RKVY,79.58,18.42,2.01,896,8.93,54.24,36.83,896,0.11,11.83,88.06,896,73.52,22.79,3.69,895,0.11,98.1,1.79,896,0.11,99.89,895,18.64,81.36,896,20.87,79.13,896,61.56,38.44,895,98.77,1.23,895,77.04,22.96,893,94.42,5.58,896
MAHARASHTRA,NANDED,Ardhapur,2023-24,Soil Health Card RKVY,99.9,0.0,0.1,1041,34.01,50.05,15.95,1041,1.63,0.19,98.17,1041,48.22,49.38,2.4,1041,0.1,99.81,0.1,1041,0.1,99.9,1041,46.11,53.89,1041,67.72,32.28,1041,92.6,7.4,1041,100.0,0.0,1041,81.65,18.35,1041,100.0,0.0,1041
MAHARASHTRA,NANDED,Bhokar,2023-24,Soil Health Card RKVY,100.0,0.0,0.0,285,31.23,54.74,14.04,285,1.05,0.35,98.6,285,46.67,51.93,1.4,285,0.35,99.3,0.35,285,0.35,99.65,285,8.77,91.23,285,66.32,33.68,285,90.53,9.47,285,100.0,0.0,285,91.23,8.77,285,100.0,0.0,285
MAHARASHTRA,NANDED,Biloli,2023-24,Soil Health Card RKVY,100.0,0.0,0.0,3,0.0,100.0,0.0,3,0.0,0.0,100.0,3,33.33,66.67,0.0,3,0.0,100.0,0.0,3,0.0,100.0,3,0.0,100.0,3,66.67,33.33,3,100.0,0.0,3,100.0,0.0,3,100.0,0.0,3,100.0,0.0,3
MAHARASHTRA,NANDED,Deglur,2023-24,Soil Health Card RKVY,100.0,0.0,0.0,357,32.77,50.7,16.53,357,0.56,0.0,99.44,357,50.14,49.86,0.0,357,0.0,99.44,0.56,357,0.28,99.72,357,8.68,91.32,357,73.39,26.61,357,88.52,11.48,357,100.0,0.0,357,85.15,14.85,357,99.72,0.28,357
MAHARASHTRA,NANDED,Dharmabad,2023-24,Soil Health Card RKVY,100.0,0.0,0.0,380,40.53,42.89,16.58,380,0.53,0.0,99.47,380,49.21,50.0,0.79,380,0.26,99.74,0.0,380,0.0,100.0,380,47.11,52.89,380,62.11,37.89,380,86.58,13.42,380,100.0,0.0,380,79.74,20.26,380,99.74,0.26,380
MAHARASHTRA,NANDED,Hadgaon,2023-24,Soil Health Card RKVY,100.0,0.0,0.0,541,27.91,55.64,16.45,541,1.11,0.0,98.89,541,50.37,46.11,3.52,540,0.37,99.26,0.37,540,0.37,99.63,541,5.55,94.45,541,76.52,23.48,541,91.13,8.87,541,100.0,0.0,541,78.56,21.44,541,100.0,0.0,541
MAHARASHTRA,NANDED,Kandhar,2023-24,Soil Health Card RKVY,99.86,0.07,0.07,1380,35.8,50.87,13.33,1380,0.65,0.14,99.2,1380,48.62,49.64,1.74,1380,0.15,99.64,0.22,1378,0.14,99.86,1380,52.61,47.39,1380,71.67,28.33,1380,89.06,10.94,1380,99.93,0.07,1380,75.58,24.42,1380,99.93,0.07,1380
MAHARASHTRA,NANDED,Kinwat,2023-24,Soil Health Card RKVY,99.86,0.14,0.0,696,39.37,51.58,9.05,696,1.15,0.0,98.85,696,47.56,50.86,1.58,696,0.57,99.14,0.29,696,0.14,99.86,696,15.37,84.63,696,68.25,31.75,696,88.22,11.78,696,99.86,0.14,696,84.2,15.8,696,99.86,0.14,696
MAHARASHTRA,NANDED,Loha,2023-24,Soil Health Card RKVY,99.66,0.0,0.34,581,38.38,49.91,11.7,581,2.07,0.0,97.93,581,47.85,51.46,0.69,581,0.34,99.48,0.17,581,0.17,99.83,581,58.59,41.41,582,84.88,15.12,582,84.88,15.12,582,100.0,0.0,582,86.6,13.4,582,100.0,0.0,582
MAHARASHTRA,NANDED,Mahur,2023-24,Soil Health Card RKVY,100.0,0.0,0.0,585,45.13,48.03,6.84,585,1.88,0.0,98.12,585,53.85,45.98,0.17,585,0.17,99.83,0.0,585,0.0,100.0,585,37.78,62.22,585,89.74,10.26,585,86.32,13.68,585,100.0,0.0,585,86.5,13.5,585,100.0,0.0,585
MAHARASHTRA,NANDED,Mukhed,2023-24,Soil Health Card RKVY,100.0,0.0,0.0,51,29.41,52.94,17.65,51,0.0,1.96,98.04,51,50.98,49.02,0.0,51,0.0,100.0,0.0,51,0.0,100.0,51,0.0,100.0,51,84.31,15.69,51,90.2,9.8,51,100.0,0.0,51,80.39,19.61,51,100.0,0.0,51
MAHARASHTRA,NANDED,Naigaon (Khairgaon),2023-24,Soil Health Card RKVY,100.0,0.0,0.0,1,100.0,0.0,0.0,1,0.0,0.0,100.0,1,100.0,0.0,0.0,1,0.0,100.0,0.0,1,0.0,100.0,1,100.0,0.0,1,100.0,0.0,1,100.0,0.0,1,100.0,0.0,1,100.0,0.0,1,100.0,0.0,1
MAHARASHTRA,NANDED,Nanded,2023-24,Soil Health Card RKVY,99.91,0.09,0.0,1069,27.5,51.45,21.05,1069,0.37,0.19,99.44,1069,49.39,49.86,0.75,1069,0.19,99.81,0.0,1068,0.0,100.0,1069,58.56,41.44,1069,73.15,26.85,1069,90.93,9.07,1069,100.0,0.0,1069,80.07,19.93,1069,100.0,0.0,1069
MAHARASHTRA,NANDED,Umri,2023-24,Soil Health Card RKVY,99.02,0.0,0.98,102,37.25,43.14,19.61,102,0.0,0.0,100.0,102,41.18,54.9,3.92,102,0.0,99.02,0.98,102,0.0,100.0,102,0.98,99.02,102,78.43,21.57,102,85.29,14.71,102,100.0,0.0,102,77.45,22.55,102,82.35,17.65,102
MAHARASHTRA,NANDURBAR,Akkalkuwa,2023-24,Soil Health Card RKVY,61.4,38.6,0.0,741,0.13,54.39,45.48,741,3.51,91.36,5.13,741,54.39,44.53,1.08,741,0.0,99.87,0.13,741,0.0,100.0,741,84.21,15.79,741,53.85,46.15,741,30.9,69.1,741,100.0,0.0,741,59.92,40.08,741,99.73,0.27,741
MAHARASHTRA,NANDURBAR,Akrani,2023-24,Soil Health Card RKVY,9.92,90.08,0.0,615,0.33,94.31,5.37,615,0.33,99.19,0.49,614,52.52,45.2,2.28,615,0.0,99.84,0.16,615,0.16,99.84,615,81.3,18.7,615,89.43,10.57,615,74.31,25.69,615,99.84,0.16,615,81.3,18.7,615,98.7,1.3,615
MAHARASHTRA,NANDURBAR,Nandurbar,2023-24,Soil Health Card RKVY,15.96,84.04,0.0,890,0.22,56.74,43.03,890,2.13,97.08,0.79,890,52.47,40.45,7.08,890,0.11,98.65,1.24,890,0.22,99.78,890,96.74,3.26,890,63.37,36.63,890,55.28,44.72,890,100.0,0.0,890,89.55,10.45,890,99.55,0.45,890
MAHARASHTRA,NANDURBAR,Nawapur,2023-24,Soil Health Card RKVY,53.47,46.32,0.21,1440,0.28,71.74,27.99,1440,1.81,70.0,28.19,1440,42.29,47.15,10.56,1440,0.0,99.17,0.83,1439,0.0,100.0,1440,92.43,7.57,1440,55.9,44.1,1440,42.78,57.22,1440,100.0,0.0,1440,71.74,28.26,1440,99.65,0.35,1440
MAHARASHTRA,NANDURBAR,Shahade,2023-24,Soil Health Card RKVY,82.67,17.33,0.0,1708,0.06,99.0,0.94,1708,0.12,94.09,5.8,1708,58.43,41.1,0.47,1708,0.0,99.3,0.7,1708,0.18,99.82,1708,76.87,23.13,1708,68.74,31.26,1708,36.12,63.88,1708,99.88,0.12,1707,57.2,42.8,1708,99.88,0.12,1708
MAHARASHTRA,NANDURBAR,Talode,2023-24,Soil Health Card RKVY,58.95,41.05,0.0,1983,0.0,84.06,15.94,1983,0.61,89.56,9.83,1983,49.95,48.03,2.02,1982,0.0,99.04,0.96,1982,0.25,99.75,1982,82.1,17.9,1983,66.31,33.69,1983,40.11,59.89,1982,99.95,0.05,1983,68.94,31.06,1983,96.32,3.68,1983
MAHARASHTRA,NASHIK,Baglan,2023-24,Soil Health Card RKVY,84.61,15.39,0.0,929,1.61,95.26,3.12,929,1.94,56.84,41.23,929,40.58,51.99,7.43,929,0.54,99.03,0.43,929,0.11,99.89,929,44.78,55.22,929,39.94,60.06,929,52.96,47.04,929,100.0,0.0,928,44.67,55.33,929,89.99,10.01,929
MAHARASHTRA,NASHIK,Chandvad,2023-24,Soil Health Card RKVY,60.6,39.4,0.0,1005,1.09,53.38,45.53,1006,0.3,22.05,77.66,1007,35.39,37.79,26.82,1003,0.0,96.8,3.2,1001,0.7,99.3,1003,66.43,33.57,1007,26.51,73.49,1007,45.27,54.73,1005,99.5,0.5,1005,75.37,24.63,1007,99.6,0.4,1007
MAHARASHTRA,NASHIK,Deola,2023-24,Soil Health Card RKVY,52.18,47.82,0.0,826,7.87,67.68,24.46,826,0.61,44.43,54.96,826,42.37,36.56,21.07,826,0.12,96.13,3.75,826,1.45,98.55,826,67.68,32.32,826,57.51,42.49,826,49.03,50.97,826,100.0,0.0,826,64.65,35.35,826,99.39,0.61,826
MAHARASHTRA,NASHIK,Dindori,2023-24,Soil Health Card RKVY,85.26,14.74,0.0,1554,2.9,92.54,4.57,1554,3.03,42.69,54.28,1553,44.4,37.07,18.53,1554,1.54,97.88,0.58,1554,7.72,92.28,1554,68.98,31.02,1554,41.38,58.62,1554,78.38,21.62,1554,99.94,0.06,1554,24.26,75.74,1554,99.61,0.39,1554
MAHARASHTRA,NASHIK,Igatpuri,2023-24,Soil Health Card RKVY,95.17,4.65,0.18,1119,6.34,81.14,12.51,1119,1.97,61.39,36.64,1119,46.11,37.8,16.09,1119,0.18,99.64,0.18,1119,1.16,98.84,1119,41.29,58.71,1119,65.15,34.85,1119,36.73,63.27,1119,99.91,0.09,1119,28.6,71.4,1119,96.6,3.4,1119
MAHARASHTRA,NASHIK,Kalwan,2023-24,Soil Health Card RKVY,44.47,54.83,0.7,1428,3.92,84.59,11.48,1428,0.84,40.69,58.47,1428,57.6,37.49,4.91,1427,0.14,90.69,9.17,1428,0.49,99.51,1428,78.78,21.22,1428,31.58,68.42,1428,43.94,56.06,1427,99.86,0.14,1427,83.68,16.32,1428,99.3,0.7,1428
MAHARASHTRA,NASHIK,Malegaon,2023-24,Soil Health Card RKVY,50.41,49.19,0.41,986,4.26,86.82,8.92,986,2.74,36.11,61.16,986,66.33,30.43,3.25,986,0.0,92.49,7.51,986,0.1,99.9,986,64.81,35.19,986,44.12,55.88,986,50.71,49.29,986,100.0,0.0,986,64.0,36.0,986,99.8,0.2,986
MAHARASHTRA,NASHIK,Nandgaon,2023-24,Soil Health Card RKVY,64.59,35.21,0.2,1011,4.85,65.48,29.67,1011,1.09,29.05,69.86,1012,70.4,28.22,1.39,1010,0.0,94.56,5.44,1011,2.67,97.33,1010,32.02,67.98,1012,49.95,50.05,1011,28.56,71.44,1012,100.0,0.0,1012,36.99,63.01,1011,99.01,0.99,1012
MAHARASHTRA,NASHIK,Nashik,2023-24,Soil Health Card RKVY,87.59,11.21,1.19,1088,7.17,49.63,43.2,1088,1.01,25.44,73.55,1089,46.73,34.5,18.77,1087,0.0,98.44,1.56,1089,3.86,96.14,1089,64.83,35.17,1089,34.8,65.2,1089,45.63,54.37,1087,99.82,0.18,1088,46.92,53.08,1089,99.63,0.37,1089
MAHARASHTRA,NASHIK,Niphad,2023-24,Soil Health Card RKVY,61.69,37.03,1.28,1091,1.65,51.15,47.2,1091,0.55,30.25,69.2,1091,24.75,36.3,38.96,1091,0.09,97.43,2.48,1090,0.28,99.72,1090,71.86,28.14,1091,50.14,49.86,1091,71.56,28.44,1090,100.0,0.0,1091,82.03,17.97,1091,99.63,0.37,1091
MAHARASHTRA,NASHIK,Peth,2023-24,Soil Health Card RKVY,99.55,0.38,0.08,1333,13.65,85.45,0.9,1333,0.9,46.59,52.51,1335,61.07,30.53,8.4,1333,0.08,99.7,0.23,1332,1.05,98.95,1333,45.09,54.91,1335,78.05,21.95,1335,60.15,39.85,1335,99.62,0.38,1333,61.09,38.91,1334,98.58,1.42,1335
MAHARASHTRA,NASHIK,Sinnar,2023-24,Soil Health Card RKVY,84.98,15.02,0.0,1625,2.15,80.74,17.11,1625,0.06,41.17,58.77,1625,54.71,39.02,6.28,1625,0.0,99.94,0.06,1625,0.06,99.94,1625,31.26,68.74,1625,33.48,66.52,1625,31.02,68.98,1625,99.94,0.06,1625,65.66,34.34,1625,99.75,0.25,1625
MAHARASHTRA,NASHIK,Surgana,2023-24,Soil Health Card RKVY,59.11,37.03,3.86,1399,13.42,78.3,8.28,1401,0.86,17.42,81.73,1401,13.86,25.57,60.57,1400,0.29,99.71,0.0,1401,0.0,100.0,1401,71.62,28.38,1399,91.29,8.71,1401,56.43,43.57,1400,99.86,0.14,1401,56.02,43.98,1396,99.36,0.64,1400
MAHARASHTRA,NASHIK,Trimbakeshwar,2023-24,Soil Health Card RKVY,97.82,2.0,0.18,1102,20.33,77.13,2.54,1102,0.91,31.13,67.97,1102,47.91,37.93,14.16,1102,0.09,99.73,0.18,1103,1.36,98.64,1102,47.19,52.81,1102,61.98,38.02,1102,47.91,52.09,1102,99.55,0.45,1102,58.53,41.47,1102,97.1,2.9,1102
MAHARASHTRA,NASHIK,Yevla,2023-24,Soil Health Card RKVY,85.55,14.36,0.09,1107,5.42,57.36,37.22,1107,0.45,31.98,67.57,1107,87.07,11.39,1.54,1106,0.0,97.56,2.44,1107,9.39,90.61,1107,58.72,41.28,1107,51.58,48.42,1107,43.49,56.51,1106,100.0,0.0,1105,26.2,73.8,1107,97.02,2.98,1107
MAHARASHTRA,PALGHAR,Dahanu,2023-24,Soil Health Card RKVY,70.95,28.33,0.71,420,13.1,35.48,51.43,420,36.19,38.33,25.48,420,2.86,5.48,91.67,420,0.0,100.0,0.0,420,0.0,100.0,417,72.55,27.45,419,95.48,4.52,420,80.71,19.29,420,100.0,0.0,420,0.24,99.76,419,100.0,0.0,420
MAHARASHTRA,PALGHAR,Jawhar,2023-24,Soil Health Card RKVY,80.95,18.81,0.24,420,16.43,24.52,59.05,420,16.67,53.81,29.52,420,13.57,6.67,79.76,420,0.71,99.29,0.0,420,0.0,100.0,420,32.14,67.86,420,97.86,2.14,420,79.52,20.48,420,100.0,0.0,420,0.71,99.29,420,100.0,0.0,420
MAHARASHTRA,PALGHAR,Mokhada,2023-24,Soil Health Card RKVY,65.95,17.14,16.9,420,29.05,25.71,45.24,420,14.52,50.0,35.48,420,14.29,18.33,67.38,420,0.95,98.1,0.95,420,0.0,100.0,420,62.14,37.86,420,99.52,0.48,420,80.0,20.0,420,100.0,0.0,420,0.0,100.0,419,100.0,0.0,420
MAHARASHTRA,PALGHAR,Palghar,2023-24,Soil Health Card RKVY,88.81,11.19,0.0,420,18.1,10.71,71.19,420,41.9,31.43,26.67,420,25.95,20.0,54.05,420,0.24,99.76,0.0,420,0.0,100.0,420,70.0,30.0,420,99.76,0.24,420,99.05,0.95,420,100.0,0.0,420,0.0,100.0,420,100.0,0.0,420
MAHARASHTRA,PALGHAR,Talasari,2023-24,Soil Health Card RKVY,98.57,1.19,0.24,420,34.29,23.81,41.9,420,40.24,38.1,21.67,420,6.67,15.48,77.86,420,0.0,98.57,1.43,420,0.48,99.52,420,87.14,12.86,420,99.29,0.71,420,94.05,5.95,420,99.76,0.24,420,0.24,99.76,420,100.0,0.0,420
MAHARASHTRA,PALGHAR,Vasai,2023-24,Soil Health Card RKVY,93.79,5.73,0.48,419,4.05,13.33,82.62,420,50.48,30.71,18.81,420,2.62,16.19,81.19,420,0.0,99.29,0.71,420,0.24,99.76,420,77.62,22.38,420,97.38,2.62,420,95.71,4.29,420,100.0,0.0,420,0.24,99.76,420,100.0,0.0,420
MAHARASHTRA,PALGHAR,Vikramgad,2023-24,Soil Health Card RKVY,73.33,25.48,1.19,420,13.1,33.81,53.1,420,37.38,22.38,40.24,420,13.1,15.48,71.43,420,0.0,100.0,0.0,420,0.0,100.0,420,74.05,25.95,420,95.48,4.52,420,84.05,15.95,420,100.0,0.0,420,4.76,95.24,420,100.0,0.0,420
MAHARASHTRA,PALGHAR,Wada,2023-24,Soil Health Card RKVY,60.0,24.05,15.95,420,46.19,20.95,32.86,420,33.57,44.76,21.67,420,18.57,22.86,58.57,420,0.95,98.81,0.24,420,0.0,100.0,420,58.81,41.19,420,98.81,1.19,420,98.33,1.67,420,100.0,0.0,420,3.81,96.19,420,100.0,0.0,420
MAHARASHTRA,PARBHANI,Gangakhed,2023-24,Soil Health Card RKVY,98.91,1.09,0.0,645,33.33,66.36,0.31,645,0.62,0.0,99.38,645,97.36,0.93,1.71,645,0.0,98.91,1.09,645,0.47,99.53,645,13.02,86.98,645,66.2,33.8,645,31.78,68.22,645,99.69,0.31,645,67.13,32.87,645,98.29,1.71,645
MAHARASHTRA,PARBHANI,Jintur,2023-24,Soil Health Card RKVY,98.11,1.49,0.41,739,22.09,77.91,0.0,738,0.14,0.41,99.46,738,98.51,1.35,0.14,739,0.0,99.59,0.41,739,0.27,99.73,738,13.94,86.06,739,60.3,39.7,738,30.45,69.55,739,99.86,0.14,737,63.33,36.67,739,99.73,0.27,739
MAHARASHTRA,PARBHANI,Manwath,2023-24,Soil Health Card RKVY,99.51,0.37,0.12,818,23.96,75.67,0.37,818,0.37,0.24,99.39,818,99.02,0.61,0.37,817,0.0,98.41,1.59,818,0.49,99.51,818,15.53,84.47,818,43.08,56.92,817,24.45,75.55,818,100.0,0.0,817,78.61,21.39,818,98.9,1.1,818
MAHARASHTRA,PARBHANI,Palam,2023-24,Soil Health Card RKVY,98.52,1.48,0.0,674,31.01,68.84,0.15,674,0.3,0.0,99.7,674,98.81,0.3,0.89,674,0.0,99.26,0.74,673,0.3,99.7,674,13.2,86.8,674,44.28,55.72,673,24.18,75.82,674,99.85,0.15,673,64.39,35.61,674,97.77,2.23,672
MAHARASHTRA,PARBHANI,Parbhani,2023-24,Soil Health Card RKVY,98.21,1.71,0.08,1283,25.33,74.67,0.0,1283,0.23,0.0,99.77,1283,98.05,0.62,1.33,1283,0.0,98.99,1.01,1283,0.31,99.69,1283,15.12,84.88,1283,39.7,60.3,1282,32.5,67.5,1283,100.0,0.0,1283,62.67,37.33,1283,98.67,1.33,1283
MAHARASHTRA,PARBHANI,Pathri,2023-24,Soil Health Card RKVY,98.9,1.1,0.0,634,29.18,70.35,0.47,634,0.47,0.0,99.53,634,98.11,0.47,1.42,634,0.0,90.22,9.78,634,0.32,99.68,634,9.15,90.85,634,37.7,62.3,634,21.29,78.71,634,100.0,0.0,634,63.25,36.75,634,99.84,0.16,634
MAHARASHTRA,PARBHANI,Purna,2023-24,Soil Health Card RKVY,98.25,1.62,0.13,743,22.61,77.39,0.0,743,0.0,0.0,100.0,743,98.79,0.27,0.94,743,0.13,98.25,1.62,743,0.27,99.73,743,15.21,84.79,743,58.68,41.32,743,19.65,80.35,743,100.0,0.0,742,70.93,29.07,743,98.38,1.62,743
MAHARASHTRA,PARBHANI,Selu,2023-24,Soil Health Card RKVY,98.9,0.73,0.37,546,22.71,77.11,0.18,546,0.18,0.0,99.82,546,98.53,0.37,1.1,546,0.0,98.53,1.47,545,0.37,99.63,546,9.52,90.48,546,50.92,49.08,546,35.05,64.95,545,100.0,0.0,546,62.09,37.91,546,100.0,0.0,546
MAHARASHTRA,PARBHANI,Sonpeth,2023-24,Soil Health Card RKVY,97.44,2.56,0.0,430,26.51,73.26,0.23,430,0.23,0.0,99.77,430,97.91,0.93,1.16,430,0.23,99.3,0.47,430,0.23,99.77,430,16.32,83.68,429,49.18,50.82,429,31.24,68.76,429,100.0,0.0,429,76.46,23.54,429,100.0,0.0,429
MAHARASHTRA,PUNE,Ambegaon,2023-24,Soil Health Card RKVY,78.33,21.5,0.17,600,20.83,70.33,8.83,600,9.67,54.67,35.67,600,64.17,27.17,8.67,600,0.0,98.17,1.83,600,0.34,99.66,596,20.83,79.17,600,40.5,59.5,600,28.0,72.0,600,95.67,4.33,600,38.06,61.94,599,78.0,22.0,600
MAHARASHTRA,PUNE,Baramati,2023-24,Soil Health Card RKVY,71.83,28.17,0.0,600,47.0,51.83,1.17,600,0.0,94.17,5.83,600,76.17,20.67,3.17,600,0.0,80.0,20.0,600,0.5,99.5,600,21.67,78.33,600,0.33,99.67,600,60.83,39.17,600,99.67,0.33,600,38.67,61.33,600,30.5,69.5,600
MAHARASHTRA,PUNE,Bhor,2023-24,Soil Health Card RKVY,28.83,71.17,0.0,600,8.67,81.83,9.5,600,21.67,75.33,3.0,600,49.17,40.67,10.17,600,0.0,100.0,0.0,600,0.33,99.67,600,71.24,28.76,598,30.17,69.83,600,55.0,45.0,600,98.5,1.5,600,68.33,31.67,600,93.0,7.0,600
MAHARASHTRA,PUNE,Daund,2023-24,Soil Health Card RKVY,55.33,44.67,0.0,600,35.33,45.67,19.0,600,3.5,52.0,44.5,600,71.33,28.67,0.0,600,0.0,100.0,0.0,600,0.33,99.67,600,5.17,94.83,600,0.0,100.0,600,25.0,75.0,600,76.67,23.33,600,47.67,52.33,600,50.67,49.33,600
MAHARASHTRA,PUNE,Haveli,2023-24,Soil Health Card RKVY,53.67,46.17,0.17,600,25.83,74.0,0.17,600,0.17,67.17,32.67,600,68.17,29.17,2.67,600,0.0,99.33,0.67,600,0.5,99.5,600,78.83,21.17,600,40.17,59.83,600,20.23,79.77,598,54.17,45.83,600,15.5,84.5,600,71.17,28.83,600
MAHARASHTRA,PUNE,Indapur,2023-24,Soil Health Card RKVY,55.83,44.17,0.0,600,15.0,71.0,14.0,600,0.0,51.67,48.33,600,79.17,20.83,0.0,600,0.0,100.0,0.0,600,0.17,99.83,600,2.83,97.17,600,10.0,90.0,600,7.19,92.81,598,70.0,30.0,600,71.67,28.33,600,19.5,80.5,600
MAHARASHTRA,PUNE,Junnar,2023-24,Soil Health Card RKVY,56.97,42.87,0.16,1220,3.85,58.93,37.21,1220,0.66,25.66,73.69,1220,90.66,8.11,1.23,1220,0.08,99.92,0.0,1220,0.0,100.0,1218,18.69,81.31,1220,9.9,90.1,1212,22.87,77.13,1220,81.64,18.36,1220,54.83,45.17,1211,27.07,72.93,1219
MAHARASHTRA,PUNE,Khed,2023-24,Soil Health Card RKVY,39.93,55.5,4.57,1400,16.21,79.14,4.64,1400,0.21,48.07,51.71,1400,72.07,13.57,14.36,1400,0.0,99.93,0.07,1400,0.07,99.93,1400,23.37,76.63,1399,29.0,71.0,1400,15.36,84.64,1400,89.05,10.95,1397,33.86,66.14,1400,35.6,64.4,1399
MAHARASHTRA,PUNE,Mawal,2023-24,Soil Health Card RKVY,62.0,36.67,1.33,600,57.67,24.83,17.5,600,40.17,44.5,15.33,600,73.0,18.0,9.0,600,0.0,98.67,1.33,600,0.5,99.5,596,10.33,89.67,600,41.0,59.0,600,17.56,82.44,598,99.83,0.17,600,34.56,65.44,599,69.9,30.1,598
MAHARASHTRA,PUNE,Mulshi,2023-24,Soil Health Card RKVY,75.17,24.83,0.0,600,2.83,71.33,25.83,600,12.67,58.67,28.67,600,58.17,24.5,17.33,600,0.0,100.0,0.0,600,0.83,99.17,600,53.33,46.67,600,0.33,99.67,600,3.5,96.5,600,83.33,16.67,600,78.33,21.67,600,73.33,26.67,600
MAHARASHTRA,PUNE,Purandhar,2023-24,Soil Health Card RKVY,73.38,26.62,0.0,740,10.0,68.92,21.08,740,0.0,55.54,44.46,740,93.78,6.08,0.14,740,0.0,92.3,7.7,740,0.14,99.86,740,22.03,77.97,740,23.51,76.49,740,37.57,62.43,740,92.43,7.57,740,69.05,30.95,740,64.05,35.95,740
MAHARASHTRA,PUNE,Shirur,2023-24,Soil Health Card RKVY,64.67,35.0,0.33,600,11.33,64.5,24.17,600,10.0,16.33,73.67,600,91.82,8.01,0.17,599,0.0,99.33,0.67,600,0.0,100.0,600,17.0,83.0,600,1.83,98.17,600,3.67,96.33,600,84.0,16.0,600,70.17,29.83,600,30.0,70.0,600
MAHARASHTRA,PUNE,Velhe,2023-24,Soil Health Card RKVY,90.5,9.5,0.0,600,9.0,72.67,18.33,600,14.0,78.5,7.5,600,56.33,37.83,5.83,600,0.17,99.83,0.0,600,1.7,98.3,589,80.13,19.87,599,66.67,33.33,600,79.33,20.67,600,99.83,0.17,600,79.63,20.37,599,98.5,1.5,600
MAHARASHTRA,RAIGAD,Alibag,2023-24,Soil Health Card RKVY,2.92,6.39,90.68,1095,26.85,43.84,29.32,1095,2.65,10.05,87.31,1095,11.32,10.32,78.36,1095,0.18,99.82,0.0,1094,0.82,99.18,1095,63.93,36.07,1095,98.52,1.48,1014,96.45,3.55,1014,100.0,0.0,1012,1.28,98.72,1094,100.0,0.0,1014
MAHARASHTRA,RAIGAD,Karjat,2023-24,Soil Health Card RKVY,1.47,65.93,32.6,819,14.65,41.88,43.47,819,0.49,16.0,83.52,819,0.61,16.73,82.66,819,2.56,97.44,0.0,819,0.37,99.63,819,97.44,2.56,819,99.75,0.25,787,90.22,9.78,787,96.65,3.35,776,0.98,99.02,818,99.87,0.13,787
MAHARASHTRA,RAIGAD,Khalapur,2023-24,Soil Health Card RKVY,2.71,65.36,31.93,332,13.55,27.11,59.34,332,1.2,17.77,81.02,332,0.0,2.41,97.59,332,0.9,99.1,0.0,332,0.0,100.0,332,90.36,9.64,332,87.12,12.88,295,61.69,38.31,295,98.94,1.06,283,14.37,85.63,327,99.32,0.68,295
MAHARASHTRA,RAIGAD,Mahad,2023-24,Soil Health Card RKVY,3.93,47.38,48.69,382,41.62,43.19,15.18,382,0.52,1.31,98.17,382,0.79,30.1,69.11,382,0.0,99.74,0.26,382,0.26,99.74,382,100.0,0.0,382,100.0,0.0,93,98.92,1.08,93,100.0,0.0,93,27.49,72.51,382,97.87,2.13,94
MAHARASHTRA,RAIGAD,Mangaon,2023-24,Soil Health Card RKVY,1.5,61.5,37.0,200,51.0,21.5,27.5,200,0.0,7.5,92.5,200,1.0,4.5,94.5,200,0.0,100.0,0.0,200,1.0,99.0,200,100.0,0.0,200,94.17,5.83,120,78.33,21.67,120,90.74,9.26,108,0.0,100.0,187,100.0,0.0,120
MAHARASHTRA,RAIGAD,Mhasla,2023-24,Soil Health Card RKVY,0.75,27.82,71.43,133,58.65,37.59,3.76,133,0.75,6.72,92.54,134,0.75,35.34,63.91,133,0.0,100.0,0.0,132,0.0,100.0,132,97.76,2.24,134,100.0,0.0,132,94.7,5.3,132,100.0,0.0,132,0.75,99.25,133,100.0,0.0,132
MAHARASHTRA,RAIGAD,Murud,2023-24,Soil Health Card RKVY,1.22,53.47,45.31,245,0.41,11.84,87.76,245,0.0,19.59,80.41,245,0.0,0.0,100.0,245,0.0,100.0,0.0,245,0.0,100.0,245,76.73,23.27,245,85.86,14.14,198,93.43,6.57,198,99.49,0.51,196,4.08,95.92,245,100.0,0.0,198
MAHARASHTRA,RAIGAD,Panvel,2023-24,Soil Health Card RKVY,1.79,50.6,47.61,502,19.92,46.22,33.86,502,0.2,14.14,85.66,502,0.2,1.79,98.01,502,0.0,100.0,0.0,502,0.6,99.4,502,84.26,15.74,502,85.25,14.75,495,91.75,8.25,497,100.0,0.0,491,1.2,98.8,502,99.2,0.8,497
MAHARASHTRA,RAIGAD,Pen,2023-24,Soil Health Card RKVY,2.35,26.76,70.88,340,52.06,42.65,5.29,340,0.59,11.18,88.24,340,0.0,4.42,95.58,339,0.0,100.0,0.0,339,0.29,99.71,340,92.94,7.06,340,99.3,0.7,285,99.65,0.35,285,99.65,0.35,285,31.07,68.93,338,100.0,0.0,285
MAHARASHTRA,RAIGAD,Poladpur,2023-24,Soil Health Card RKVY,1.47,41.03,57.51,273,0.37,82.42,17.22,273,0.37,15.02,84.62,273,16.48,55.31,28.21,273,0.0,100.0,0.0,273,0.0,100.0,273,93.04,6.96,273,54.35,45.65,230,89.57,10.43,230,96.09,3.91,230,13.38,86.62,269,100.0,0.0,230
MAHARASHTRA,RAIGAD,Roha,2023-24,Soil Health Card RKVY,1.25,6.25,92.5,480,52.29,42.08,5.62,480,0.0,21.46,78.54,480,3.75,31.25,65.0,480,0.0,100.0,0.0,480,0.0,100.0,479,83.12,16.88,480,98.44,1.56,449,82.18,17.82,449,100.0,0.0,446,2.29,97.71,480,99.55,0.45,449
MAHARASHTRA,RAIGAD,Shrivardhan,2023-24,Soil Health Card RKVY,0.0,2.29,97.71,523,44.55,45.7,9.75,523,0.96,11.09,87.95,523,39.96,33.46,26.58,523,0.0,100.0,0.0,523,0.0,100.0,523,58.7,41.3,523,95.6,4.4,318,97.17,2.83,318,100.0,0.0,318,0.76,99.24,523,100.0,0.0,318
MAHARASHTRA,RAIGAD,Sudhagad,2023-24,Soil Health Card RKVY,2.27,44.44,53.29,441,46.56,49.45,3.99,451,0.67,13.75,85.59,451,4.88,46.34,48.78,451,0.89,99.11,0.0,450,0.67,99.33,449,97.78,2.22,451,99.55,0.45,447,99.33,0.67,447,100.0,0.0,445,2.34,97.66,427,99.78,0.22,447
MAHARASHTRA,RAIGAD,Tala,2023-24,Soil Health Card RKVY,4.5,57.0,38.5,200,56.1,32.75,11.15,287,0.7,26.83,72.47,287,39.37,6.97,53.66,287,1.68,96.98,1.34,298,0.7,99.3,287,99.3,0.7,287,100.0,0.0,280,93.93,6.07,280,100.0,0.0,277,0.7,99.3,286,100.0,0.0,280
MAHARASHTRA,RAIGAD,Uran,2023-24,Soil Health Card RKVY,1.65,46.09,52.26,243,32.24,40.41,27.35,245,0.0,10.61,89.39,245,2.04,12.24,85.71,245,0.0,100.0,0.0,245,3.27,96.73,245,96.33,3.67,245,97.14,2.86,245,85.66,14.34,244,100.0,0.0,244,2.04,97.96,245,100.0,0.0,245
MAHARASHTRA,RATNAGIRI,Chiplun,2023-24,Soil Health Card RKVY,0.96,40.19,58.85,418,73.68,25.36,0.96,418,12.92,48.56,38.52,418,0.0,0.0,100.0,418,0.96,98.8,0.24,418,0.0,100.0,418,99.04,0.96,418,82.78,17.22,418,76.08,23.92,418,100.0,0.0,418,71.29,28.71,418,100.0,0.0,418
MAHARASHTRA,RATNAGIRI,Dapoli,2023-24,Soil Health Card RKVY,62.68,37.32,0.0,418,51.2,45.45,3.35,418,59.81,40.19,0.0,418,0.0,0.0,100.0,418,0.0,100.0,0.0,418,0.0,100.0,418,100.0,0.0,418,84.93,15.07,418,62.92,37.08,418,100.0,0.0,418,78.47,21.53,418,100.0,0.0,418
MAHARASHTRA,RATNAGIRI,Guhagar,2023-24,Soil Health Card RKVY,0.24,64.47,35.29,425,48.22,50.59,1.19,421,5.7,16.15,78.15,421,0.0,0.24,99.76,421,12.62,87.14,0.24,420,0.0,100.0,421,100.0,0.0,421,84.56,15.44,421,71.26,28.74,421,99.76,0.24,421,76.25,23.75,421,100.0,0.0,421
MAHARASHTRA,RATNAGIRI,Khed,2023-24,Soil Health Card RKVY,97.84,2.16,0.0,464,38.79,58.19,3.02,464,0.22,2.59,97.2,464,0.0,0.22,99.78,464,0.43,99.57,0.0,464,6.47,93.53,464,99.14,0.86,464,67.89,32.11,464,77.37,22.63,464,100.0,0.0,464,85.99,14.01,464,99.57,0.43,464
MAHARASHTRA,RATNAGIRI,Lanja,2023-24,Soil Health Card RKVY,95.97,4.03,0.0,422,40.28,46.92,12.8,422,0.71,9.95,89.34,422,3.55,1.9,94.55,422,0.24,99.76,0.0,422,0.0,100.0,422,98.34,1.66,422,89.81,10.19,422,82.94,17.06,422,100.0,0.0,422,88.63,11.37,422,100.0,0.0,422
MAHARASHTRA,RATNAGIRI,Mandangad,2023-24,Soil Health Card RKVY,2.35,52.24,45.41,425,32.47,67.53,0.0,425,2.59,25.65,71.76,425,3.06,6.35,90.59,425,0.94,99.06,0.0,425,0.24,99.76,424,99.53,0.47,425,85.41,14.59,425,76.24,23.76,425,98.82,1.18,425,97.65,2.35,425,100.0,0.0,425
MAHARASHTRA,RATNAGIRI,Rajapur,2023-24,Soil Health Card RKVY,15.45,43.18,41.36,440,93.41,6.14,0.45,440,51.14,22.5,26.36,440,0.45,0.0,99.55,440,1.36,98.64,0.0,440,0.23,99.77,440,88.86,11.14,440,90.45,9.55,440,78.64,21.36,440,100.0,0.0,440,48.41,51.59,440,100.0,0.0,440
MAHARASHTRA,RATNAGIRI,Ratnagiri,2023-24,Soil Health Card RKVY,85.9,13.89,0.21,468,51.28,39.74,8.97,468,0.43,8.12,91.45,468,0.64,1.92,97.44,468,0.0,100.0,0.0,468,0.0,100.0,468,99.36,0.64,468,89.32,10.68,468,79.49,20.51,468,100.0,0.0,468,74.36,25.64,468,100.0,0.0,468
MAHARASHTRA,RATNAGIRI,Sangameshwar,2023-24,Soil Health Card RKVY,43.1,56.9,0.0,420,63.1,36.67,0.24,420,14.52,51.9,33.57,420,5.48,6.43,88.1,420,0.0,100.0,0.0,420,0.0,100.0,420,100.0,0.0,420,62.62,37.38,420,61.43,38.57,420,99.76,0.24,420,63.33,36.67,420,93.1,6.9,420
MAHARASHTRA,SANGLI,Atpadi,2023-24,Soil Health Card RKVY,75.48,24.41,0.11,934,3.0,74.52,22.48,934,0.86,35.55,63.6,934,38.33,38.01,23.66,934,0.0,64.35,35.65,934,1.82,98.18,934,61.99,38.01,934,78.8,21.2,934,62.96,37.04,934,97.54,2.46,934,92.18,7.82,934,97.11,2.89,934
MAHARASHTRA,SANGLI,Jat,2023-24,Soil Health Card RKVY,94.24,5.76,0.0,799,24.41,63.2,12.39,799,1.75,29.66,68.59,799,44.43,22.28,33.29,799,0.0,96.37,3.63,799,3.38,96.62,799,77.6,22.4,799,39.3,60.7,799,46.43,53.57,799,99.62,0.38,799,97.12,2.88,799,93.74,6.26,799
MAHARASHTRA,SANGLI,Kadegaon,2023-24,Soil Health Card RKVY,98.48,1.52,0.0,990,5.35,45.96,48.69,990,1.31,53.03,45.66,990,22.12,45.76,32.12,990,0.0,100.0,0.0,990,13.84,86.16,990,94.75,5.25,990,60.2,39.8,990,37.47,62.53,990,98.99,1.01,990,71.31,28.69,990,99.9,0.1,990
MAHARASHTRA,SANGLI,Kavathemahankal,2023-24,Soil Health Card RKVY,98.2,1.62,0.18,555,7.93,80.18,11.89,555,4.86,21.44,73.69,555,7.04,40.61,52.35,554,0.18,87.03,12.79,555,4.86,95.14,555,22.88,77.12,555,62.7,37.3,555,81.8,18.2,555,100.0,0.0,555,95.32,4.68,555,94.41,5.59,555
MAHARASHTRA,SANGLI,Khanapur,2023-24,Soil Health Card RKVY,81.52,18.48,0.0,552,21.01,61.23,17.75,552,21.56,40.22,38.22,552,35.69,33.88,30.43,552,0.0,95.29,4.71,552,5.98,94.02,552,36.41,63.59,552,38.59,61.41,552,54.53,45.47,552,100.0,0.0,552,67.75,32.25,552,87.68,12.32,552
MAHARASHTRA,SANGLI,Miraj,2023-24,Soil Health Card RKVY,96.68,3.32,0.0,633,5.85,60.82,33.33,633,1.26,19.59,79.15,633,8.06,41.07,50.87,633,0.0,96.52,3.48,633,1.74,98.26,633,50.55,49.45,633,62.72,37.28,633,69.19,30.81,633,99.05,0.95,633,86.57,13.43,633,95.42,4.58,633
MAHARASHTRA,SANGLI,Palus,2023-24,Soil Health Card RKVY,98.57,1.43,0.0,561,3.57,29.59,66.84,561,0.18,6.06,93.76,561,14.97,38.68,46.35,561,0.0,98.57,1.43,561,1.43,98.57,561,67.02,32.98,561,73.08,26.92,561,96.61,3.39,561,100.0,0.0,561,45.45,54.55,561,95.37,4.63,561
MAHARASHTRA,SANGLI,Shirala,2023-24,Soil Health Card RKVY,95.25,4.75,0.0,569,1.05,27.59,71.35,569,3.87,6.85,89.28,569,72.76,13.01,14.24,569,0.88,98.95,0.18,569,0.0,100.0,569,9.31,90.69,569,18.1,81.9,569,44.29,55.71,569,100.0,0.0,569,95.25,4.75,569,51.67,48.33,569
MAHARASHTRA,SANGLI,Tasgaon,2023-24,Soil Health Card RKVY,100.0,0.0,0.0,553,4.7,57.32,37.97,553,1.45,32.55,66.0,553,21.7,33.82,44.48,553,0.0,97.83,2.17,553,7.23,92.77,553,64.38,35.62,553,76.67,23.33,553,92.41,7.59,553,100.0,0.0,553,99.46,0.54,553,99.82,0.18,553
MAHARASHTRA,SANGLI,Walwa,2023-24,Soil Health Card RKVY,93.63,6.27,0.1,989,5.16,77.55,17.29,989,3.34,25.28,71.39,989,7.99,39.13,52.88,989,0.0,97.17,2.83,989,1.42,98.58,989,40.65,59.35,989,58.65,41.35,989,87.36,12.64,989,100.0,0.0,989,97.67,2.33,989,99.8,0.2,989
MAHARASHTRA,SATARA,Jaoli,2023-24,Soil Health Card RKVY,90.63,9.37,0.0,875,20.23,44.23,35.54,875,2.4,16.69,80.91,875,99.89,0.11,0.0,875,1.14,98.74,0.11,875,0.0,100.0,875,7.43,92.57,875,77.6,22.4,875,45.6,54.4,875,93.94,6.06,875,0.34,99.66,875,92.34,7.66,875
MAHARASHTRA,SATARA,Karad,2023-24,Soil Health Card RKVY,73.06,26.94,0.0,1507,28.53,55.41,16.06,1507,0.8,15.66,83.54,1507,96.88,2.52,0.6,1506,0.0,99.14,0.86,1507,0.86,99.14,1507,2.26,97.74,1507,43.6,56.4,1507,75.32,24.68,1507,99.93,0.07,1507,0.27,99.73,1503,90.64,9.36,1507
MAHARASHTRA,SATARA,Khandala,2023-24,Soil Health Card RKVY,78.89,21.11,0.0,701,26.39,41.65,31.95,701,2.85,19.97,77.18,701,95.58,0.43,3.99,701,0.0,99.86,0.14,701,6.42,93.58,701,3.28,96.72,701,21.68,78.32,701,35.95,64.05,701,99.86,0.14,701,0.14,99.86,701,84.88,15.12,701
MAHARASHTRA,SATARA,Khatav,2023-24,Soil Health Card RKVY,89.59,10.34,0.08,1306,11.41,23.35,65.24,1306,1.91,22.13,75.96,1306,97.93,0.38,1.68,1306,0.0,97.4,2.6,1306,3.75,96.25,1305,2.83,97.17,1306,25.11,74.89,1306,55.21,44.79,1306,99.85,0.15,1306,0.15,99.85,1306,86.14,13.86,1306
MAHARASHTRA,SATARA,Koregaon,2023-24,Soil Health Card RKVY,94.08,5.84,0.07,1403,8.7,16.25,75.05,1403,1.78,23.66,74.55,1403,97.72,1.92,0.36,1403,0.43,99.5,0.07,1403,0.94,99.06,1390,3.85,96.15,1403,46.19,53.81,1403,58.73,41.27,1403,99.36,0.64,1403,0.36,99.64,1403,92.66,7.34,1403
MAHARASHTRA,SATARA,Mahabaleshwar,2023-24,Soil Health Card RKVY,73.04,26.62,0.33,601,25.62,54.24,20.13,601,3.49,34.78,61.73,601,100.0,0.0,0.0,601,1.0,98.84,0.17,601,0.17,99.83,599,3.66,96.34,601,85.02,14.98,601,65.06,34.94,601,96.84,3.16,601,0.17,99.83,601,97.34,2.66,601
MAHARASHTRA,SATARA,Man,2023-24,Soil Health Card RKVY,88.89,10.91,0.2,504,44.05,32.74,23.21,504,2.38,32.54,65.08,504,98.41,0.79,0.79,504,0.0,99.4,0.6,504,3.92,96.08,485,1.19,98.81,504,35.12,64.88,504,41.15,58.85,503,98.01,1.99,502,0.2,99.8,504,81.75,18.25,504
MAHARASHTRA,SATARA,Patan,2023-24,Soil Health Card RKVY,90.68,9.32,0.0,1405,12.46,25.91,61.64,1405,1.57,24.06,74.38,1405,96.73,3.13,0.14,1405,0.28,99.72,0.0,1405,0.57,99.43,1405,2.56,97.44,1405,47.54,52.46,1405,63.91,36.09,1405,99.5,0.5,1405,0.0,100.0,1405,95.73,4.27,1405
MAHARASHTRA,SATARA,Phaltan,2023-24,Soil Health Card RKVY,87.84,12.16,0.0,1044,2.78,19.71,77.51,1045,0.67,9.19,90.14,1045,95.12,4.78,0.1,1045,0.0,97.61,2.39,1045,11.48,88.52,1045,6.6,93.4,1045,20.67,79.33,1045,49.57,50.43,1045,99.9,0.1,1044,0.57,99.43,1045,95.12,4.88,1045
MAHARASHTRA,SATARA,Satara,2023-24,Soil Health Card RKVY,90.37,9.63,0.0,1631,9.12,29.07,61.81,1634,3.67,17.38,78.95,1634,97.0,3.0,0.0,1634,0.18,99.51,0.31,1634,0.55,99.45,1634,3.0,97.0,1634,50.18,49.82,1634,66.59,33.41,1634,98.1,1.9,1634,0.18,99.82,1634,92.47,7.53,1634
MAHARASHTRA,SATARA,Wai,2023-24,Soil Health Card RKVY,86.97,12.85,0.18,1689,16.78,21.51,61.7,1692,8.04,17.08,74.88,1692,95.69,3.96,0.35,1692,0.41,99.35,0.24,1692,0.65,99.35,1692,2.13,97.87,1692,42.38,57.62,1692,61.47,38.53,1692,99.94,0.06,1692,0.0,100.0,1692,87.47,12.53,1692
MAHARASHTRA,SINDHUDURG,Devgad,2023-24,Soil Health Card RKVY,78.47,21.53,0.0,497,40.24,56.14,3.62,497,1.61,8.25,90.14,497,2.21,11.47,86.32,497,22.94,77.06,0.0,497,9.05,90.95,497,68.88,31.12,498,80.12,19.88,498,76.91,23.09,498,96.18,3.82,498,17.87,82.13,498,100.0,0.0,498
MAHARASHTRA,SINDHUDURG,Dodamarg,2023-24,Soil Health Card RKVY,74.15,25.85,0.0,147,44.9,54.42,0.68,147,1.36,4.08,94.56,147,0.0,25.85,74.15,147,8.16,91.16,0.68,147,0.0,100.0,147,65.31,34.69,147,100.0,0.0,147,100.0,0.0,147,100.0,0.0,146,2.04,97.96,147,100.0,0.0,147
MAHARASHTRA,SINDHUDURG,Kankavli,2023-24,Soil Health Card RKVY,76.7,22.73,0.57,704,39.06,59.23,1.7,704,2.27,17.47,80.26,704,2.84,15.62,81.53,704,29.26,70.6,0.14,704,0.43,99.57,704,74.29,25.71,704,100.0,0.0,704,69.03,30.97,704,99.86,0.14,703,13.21,86.79,704,99.86,0.14,704
MAHARASHTRA,SINDHUDURG,Kudal,2023-24,Soil Health Card RKVY,66.73,32.57,0.71,565,41.87,57.42,0.71,566,0.88,13.58,85.54,567,2.31,17.76,79.93,563,23.84,75.98,0.18,562,0.18,99.82,563,69.84,30.16,567,94.01,5.99,568,77.46,22.54,568,98.95,1.05,569,8.99,91.01,567,96.48,3.52,568
MAHARASHTRA,SINDHUDURG,Malwan,2023-24,Soil Health Card RKVY,86.36,13.64,0.0,484,55.79,43.39,0.83,484,0.21,2.07,97.73,484,4.34,18.39,77.27,484,7.44,92.36,0.21,484,0.0,100.0,484,58.47,41.53,484,99.79,0.21,484,83.47,16.53,484,99.79,0.21,483,2.27,97.73,484,100.0,0.0,484
MAHARASHTRA,SINDHUDURG,Sawantwadi,2023-24,Soil Health Card RKVY,79.32,20.51,0.17,585,31.62,63.25,5.13,585,2.56,12.14,85.3,585,7.86,20.85,71.28,585,37.82,62.18,0.0,579,0.34,99.66,584,80.55,19.45,586,86.35,13.65,586,78.04,21.96,583,99.32,0.68,585,2.9,97.1,586,100.0,0.0,586
MAHARASHTRA,SINDHUDURG,Vaibhavvadi,2023-24,Soil Health Card RKVY,75.52,24.48,0.0,433,22.4,60.97,16.63,433,6.0,17.32,76.67,433,9.01,29.79,61.2,433,13.39,86.61,0.0,433,0.0,100.0,432,83.6,16.4,433,92.15,7.85,433,86.84,13.16,433,99.77,0.23,433,1.62,98.38,433,98.15,1.85,433
MAHARASHTRA,SINDHUDURG,Vengurla,2023-24,Soil Health Card RKVY,56.45,42.63,0.92,434,39.4,58.53,2.07,434,0.0,10.14,89.86,434,1.38,16.36,82.26,434,9.68,90.32,0.0,434,0.23,99.77,434,79.26,20.74,434,96.08,3.92,434,81.99,18.01,433,95.38,4.62,433,2.07,97.93,434,90.55,9.45,434
MAHARASHTRA,SOLAPUR,Akkalkot,2023-24,Soil Health Card RKVY,100.0,0.0,0.0,648,27.62,71.3,1.08,648,9.88,33.8,56.33,648,77.93,20.22,1.85,648,0.0,99.38,0.62,648,0.15,99.85,648,51.08,48.92,648,0.15,99.85,648,2.62,97.38,648,93.06,6.94,648,0.46,99.54,648,33.95,66.05,648
MAHARASHTRA,SOLAPUR,Barshi,2023-24,Soil Health Card RKVY,99.39,0.24,0.36,1650,18.48,81.45,0.06,1650,7.94,52.91,39.15,1650,69.76,22.18,8.06,1650,0.0,99.88,0.12,1650,0.12,99.88,1650,37.15,62.85,1650,0.18,99.82,1650,37.45,62.55,1650,84.66,15.34,1649,39.09,60.91,1650,0.91,99.09,1650
MAHARASHTRA,SOLAPUR,Karmala,2023-24,Soil Health Card RKVY,99.83,0.17,0.0,597,21.44,76.38,2.18,597,9.72,51.76,38.53,597,70.02,22.45,7.54,597,0.0,99.33,0.67,597,0.5,99.5,597,28.31,71.69,597,4.52,95.48,597,14.74,85.26,597,91.96,8.04,597,7.54,92.46,597,44.39,55.61,597
MAHARASHTRA,SOLAPUR,Madha,2023-24,Soil Health Card RKVY,94.7,5.14,0.16,623,7.54,68.86,23.6,623,1.12,32.1,66.77,623,53.29,15.41,31.3,623,0.32,89.41,10.27,623,5.3,94.7,623,54.09,45.91,623,37.24,62.76,623,60.67,39.33,623,95.18,4.82,622,24.08,75.92,623,71.27,28.73,623
MAHARASHTRA,SOLAPUR,Malshiras,2023-24,Soil Health Card RKVY,99.83,0.0,0.17,600,22.17,75.5,2.33,600,9.0,25.33,65.67,600,75.5,23.83,0.67,600,0.0,98.83,1.17,600,0.33,99.67,600,57.67,42.33,600,0.17,99.83,600,10.83,89.17,600,98.32,1.68,596,1.33,98.67,600,60.83,39.17,600
MAHARASHTRA,SOLAPUR,Mangalvedhe,2023-24,Soil Health Card RKVY,100.0,0.0,0.0,675,5.78,91.85,2.37,675,0.74,23.56,75.7,675,58.22,39.26,2.52,675,0.0,99.7,0.3,675,0.15,99.85,675,70.81,29.19,675,0.3,99.7,675,10.96,89.04,675,98.81,1.19,675,1.04,98.96,675,60.0,40.0,675
MAHARASHTRA,SOLAPUR,Mohol,2023-24,Soil Health Card RKVY,100.0,0.0,0.0,622,15.43,81.99,2.57,622,0.64,44.05,55.31,622,64.79,20.1,15.11,622,0.16,94.05,5.79,622,1.29,98.71,622,27.65,72.35,622,0.0,100.0,622,38.1,61.9,622,93.84,6.16,617,7.72,92.28,622,41.0,59.0,622
MAHARASHTRA,SOLAPUR,Pandharpur,2023-24,Soil Health Card RKVY,92.5,7.0,0.5,600,4.83,67.5,27.67,600,11.67,30.5,57.83,600,58.76,19.37,21.87,599,0.0,94.17,5.83,600,2.67,97.33,600,41.17,58.83,600,20.33,79.67,600,52.83,47.17,600,96.5,3.5,600,24.33,75.67,600,69.17,30.83,600
MAHARASHTRA,SOLAPUR,Sangole,2023-24,Soil Health Card RKVY,100.0,0.0,0.0,610,10.33,86.07,3.61,610,2.3,43.77,53.93,610,73.28,16.56,10.16,610,0.16,96.07,3.77,610,8.03,91.97,610,13.44,86.56,610,0.16,99.84,610,49.02,50.98,610,89.84,10.16,610,14.1,85.9,610,7.7,92.3,610
MAHARASHTRA,SOLAPUR,Solapur North,2023-24,Soil Health Card RKVY,100.0,0.0,0.0,603,3.48,85.57,10.95,603,7.13,42.12,50.75,603,50.91,27.36,21.72,603,0.0,95.36,4.64,603,1.82,98.18,603,20.56,79.44,603,3.98,96.02,603,40.8,59.2,603,89.55,10.45,603,23.55,76.45,603,32.84,67.16,603
MAHARASHTRA,SOLAPUR,Solapur South,2023-24,Soil Health Card RKVY,99.86,0.0,0.14,690,56.52,38.55,4.93,690,2.03,20.72,77.25,690,71.74,26.96,1.3,690,0.14,96.09,3.77,690,1.45,98.55,690,71.74,28.26,690,0.15,99.85,689,5.84,94.16,685,97.54,2.46,690,0.73,99.27,689,22.61,77.39,690
MAHARASHTRA,THANE,Ambarnath,2023-24,Soil Health Card RKVY,33.49,62.23,4.28,421,9.26,22.57,68.17,421,6.89,42.76,50.36,421,18.76,14.49,66.75,421,1.43,98.57,0.0,421,0.24,99.76,421,83.61,16.39,421,100.0,0.0,421,94.77,5.23,421,100.0,0.0,421,0.0,100.0,421,100.0,0.0,421
MAHARASHTRA,THANE,Bhiwandi,2023-24,Soil Health Card RKVY,48.81,49.29,1.9,420,1.19,61.19,37.62,420,23.57,40.71,35.71,420,26.43,20.71,52.86,420,0.0,100.0,0.0,420,0.48,99.52,420,85.0,15.0,420,96.43,3.57,420,83.33,16.67,420,99.29,0.71,420,0.0,100.0,420,100.0,0.0,420
MAHARASHTRA,THANE,Kalyan,2023-24,Soil Health Card RKVY,35.95,58.33,5.71,420,22.14,24.05,53.81,420,23.1,45.71,31.19,420,18.85,21.48,59.67,419,0.24,99.76,0.0,420,0.0,100.0,420,96.19,3.81,420,98.33,1.67,420,94.52,5.48,420,99.76,0.24,420,0.0,100.0,420,99.52,0.48,420
MAHARASHTRA,THANE,Murbad,2023-24,Soil Health Card RKVY,60.78,37.86,1.36,515,12.72,22.35,64.93,519,21.39,32.18,46.44,519,3.28,7.9,88.82,519,0.39,99.61,0.0,519,0.0,100.0,519,83.62,16.38,519,99.04,0.96,519,97.69,2.31,519,100.0,0.0,519,3.08,96.92,519,100.0,0.0,519
MAHARASHTRA,THANE,Shahapur,2023-24,Soil Health Card RKVY,47.14,51.67,1.19,420,0.48,5.24,94.29,420,12.38,40.71,46.9,420,9.05,11.19,79.76,420,0.0,100.0,0.0,420,0.0,100.0,420,60.48,39.52,420,98.57,1.43,420,95.48,4.52,420,100.0,0.0,420,1.19,98.81,420,100.0,0.0,420
MAHARASHTRA,WARDHA,Arvi,2023-24,Soil Health Card RKVY,88.89,11.11,0.0,531,48.87,50.94,0.19,530,1.88,5.84,92.28,531,89.02,10.8,0.19,528,0.0,99.81,0.19,531,0.0,100.0,531,11.49,88.51,531,50.66,49.34,531,62.52,37.48,531,100.0,0.0,531,82.86,17.14,531,95.67,4.33,531
MAHARASHTRA,WARDHA,Ashti,2023-24,Soil Health Card RKVY,90.13,9.87,0.0,598,3.85,6.02,90.13,598,0.0,10.7,89.3,598,67.06,30.1,2.84,598,0.17,99.83,0.0,598,0.0,100.0,598,11.54,88.46,598,3.01,96.99,598,30.6,69.4,598,100.0,0.0,597,91.64,8.36,598,98.33,1.67,598
MAHARASHTRA,WARDHA,Deoli,2023-24,Soil Health Card RKVY,96.76,3.24,0.0,340,56.76,38.82,4.41,340,0.88,19.71,79.41,340,81.42,16.81,1.77,339,0.0,100.0,0.0,340,0.0,100.0,340,69.12,30.88,340,13.24,86.76,340,57.23,42.77,339,100.0,0.0,338,49.12,50.88,340,66.18,33.82,340
MAHARASHTRA,WARDHA,Hinganghat,2023-24,Soil Health Card RKVY,90.07,9.93,0.0,614,29.8,27.2,43.0,614,0.49,4.89,94.63,614,80.91,18.43,0.65,613,0.0,91.69,8.31,614,0.0,100.0,614,7.65,92.35,614,34.53,65.47,614,46.91,53.09,614,100.0,0.0,614,85.34,14.66,614,99.19,0.81,614
MAHARASHTRA,WARDHA,Karanja,2023-24,Soil Health Card RKVY,87.2,12.8,0.0,672,57.89,41.52,0.6,672,3.27,22.62,74.11,672,76.49,22.02,1.49,672,0.0,100.0,0.0,672,0.0,100.0,672,69.35,30.65,672,17.26,82.74,672,26.12,73.88,670,100.0,0.0,666,46.88,53.12,672,85.12,14.88,672
MAHARASHTRA,WARDHA,Samudrapur,2023-24,Soil Health Card RKVY,98.96,1.04,0.0,96,62.5,36.46,1.04,96,1.04,16.67,82.29,96,78.12,17.71,4.17,96,0.0,100.0,0.0,96,0.0,100.0,96,96.88,3.12,96,0.0,100.0,96,39.36,60.64,94,100.0,0.0,96,0.0,100.0,96,83.33,16.67,96
MAHARASHTRA,WARDHA,Seloo,2023-24,Soil Health Card RKVY,96.77,3.23,0.0,217,53.0,27.65,19.35,217,4.15,26.27,69.59,217,89.86,10.14,0.0,217,0.0,100.0,0.0,217,0.0,100.0,217,76.04,23.96,217,0.0,100.0,217,40.55,59.45,217,99.54,0.46,216,42.59,57.41,216,63.13,36.87,217
MAHARASHTRA,WARDHA,Wardha,2023-24,Soil Health Card RKVY,98.75,1.25,0.0,399,57.14,40.85,2.01,399,1.0,14.29,84.71,399,89.22,9.02,1.75,399,0.25,99.5,0.25,400,0.25,99.75,399,86.43,13.57,398,1.5,98.5,399,22.61,77.39,398,89.69,10.31,388,28.57,71.43,399,77.69,22.31,399
MAHARASHTRA,WASHIM,Karanja,2023-24,Soil Health Card RKVY,94.19,5.59,0.22,1789,41.5,45.3,13.2,1788,5.81,26.05,68.14,1789,10.79,18.61,70.6,1789,0.11,92.23,7.66,1789,0.67,99.33,1789,2.91,97.09,1789,29.63,70.37,1789,86.75,13.25,1789,100.0,0.0,1789,99.83,0.17,1789,97.48,2.52,1789
MAHARASHTRA,WASHIM,Malegaon,2023-24,Soil Health Card RKVY,93.37,5.08,1.55,709,41.27,49.44,9.3,710,0.14,8.87,90.99,710,22.99,32.3,44.71,709,0.0,92.52,7.48,709,0.14,99.86,709,2.68,97.32,710,17.04,82.96,710,88.87,11.13,710,100.0,0.0,710,99.86,0.14,710,98.17,1.83,710
MAHARASHTRA,WASHIM,Mangrulpir,2023-24,Soil Health Card RKVY,94.63,5.37,0.0,670,28.06,60.45,11.49,670,1.04,19.7,79.25,670,7.91,19.85,72.24,670,0.15,99.7,0.15,670,0.15,99.85,670,1.79,98.21,670,17.31,82.69,670,87.16,12.84,670,100.0,0.0,670,100.0,0.0,670,99.7,0.3,670
MAHARASHTRA,WASHIM,Manora,2023-24,Soil Health Card RKVY,100.0,0.0,0.0,628,31.21,53.5,15.29,628,0.48,4.78,94.75,628,9.55,26.75,63.69,628,0.32,95.22,4.46,628,0.0,100.0,628,1.27,98.73,628,3.03,96.97,628,72.61,27.39,628,100.0,0.0,628,100.0,0.0,628,98.09,1.91,628
MAHARASHTRA,WASHIM,Risod,2023-24,Soil Health Card RKVY,98.88,1.0,0.12,803,56.16,38.36,5.48,803,4.73,26.77,68.49,803,10.71,27.77,61.52,803,0.12,86.3,13.57,803,0.25,99.75,803,0.62,99.38,803,18.56,81.44,803,72.35,27.65,803,100.0,0.0,803,98.51,1.49,803,96.64,3.36,803
MAHARASHTRA,WASHIM,Washim,2023-24,Soil Health Card RKVY,98.89,0.97,0.14,719,22.53,70.1,7.37,719,3.62,11.96,84.42,719,11.96,35.05,52.99,719,0.0,95.54,4.46,718,0.14,99.86,719,0.83,99.17,719,36.02,63.98,719,94.58,5.42,719,99.86,0.14,719,100.0,0.0,719,98.47,1.53,719
MAHARASHTRA,YAVATMAL,Arni,2023-24,Soil Health Card RKVY,100.0,0.0,0.0,193,0.0,52.33,47.67,193,0.0,53.37,46.63,193,47.67,52.33,0.0,193,0.52,99.48,0.0,192,0.0,100.0,192,0.52,99.48,193,96.89,3.11,193,23.83,76.17,193,97.41,2.59,193,25.91,74.09,193,100.0,0.0,193
MAHARASHTRA,YAVATMAL,Babulgaon,2023-24,Soil Health Card RKVY,97.99,2.01,0.0,447,0.89,20.44,78.67,450,0.44,10.84,88.72,452,78.48,21.3,0.22,446,0.0,100.0,0.0,445,0.22,99.78,445,0.0,100.0,451,31.11,68.89,450,13.53,86.47,451,92.84,7.16,447,24.83,75.17,451,99.12,0.88,453
MAHARASHTRA,YAVATMAL,Darwha,2023-24,Soil Health Card RKVY,98.52,1.48,0.0,406,0.25,3.69,96.06,406,0.74,1.23,98.03,406,75.62,23.89,0.49,406,0.25,99.51,0.25,406,0.49,99.51,406,0.0,100.0,406,18.47,81.53,406,7.39,92.61,406,98.76,1.24,403,11.82,88.18,406,100.0,0.0,406
MAHARASHTRA,YAVATMAL,Digras,2023-24,Soil Health Card RKVY,97.52,2.48,0.0,121,0.0,7.44,92.56,121,0.83,13.22,85.95,121,66.94,33.06,0.0,121,0.0,100.0,0.0,121,0.0,100.0,121,0.83,99.17,121,79.34,20.66,121,1.65,98.35,121,100.0,0.0,119,2.48,97.52,121,99.17,0.83,121
MAHARASHTRA,YAVATMAL,Kalamb,2023-24,Soil Health Card RKVY,87.53,12.47,0.0,481,0.21,15.8,83.99,481,0.21,6.03,93.76,481,70.69,29.11,0.21,481,0.42,99.58,0.0,481,0.21,99.79,481,0.0,100.0,481,0.21,99.79,481,23.75,76.25,480,81.3,18.7,476,83.78,16.22,481,91.25,8.75,480
MAHARASHTRA,YAVATMAL,Mahagaon,2023-24,Soil Health Card RKVY,99.22,0.78,0.0,128,0.0,41.41,58.59,128,0.0,62.5,37.5,128,51.56,48.44,0.0,128,0.0,100.0,0.0,128,0.0,100.0,128,0.0,100.0,128,75.0,25.0,128,32.81,67.19,128,93.75,6.25,128,45.31,54.69,128,99.22,0.78,128
MAHARASHTRA,YAVATMAL,Maregaon,2023-24,Soil Health Card RKVY,98.21,1.79,0.0,224,0.89,4.02,95.09,224,0.0,4.91,95.09,224,92.41,7.59,0.0,224,0.0,100.0,0.0,224,0.0,100.0,224,0.0,100.0,224,0.45,99.55,223,32.59,67.41,224,88.69,11.31,221,84.3,15.7,223,98.21,1.79,224
MAHARASHTRA,YAVATMAL,Ner,2023-24,Soil Health Card RKVY,98.17,1.83,0.0,545,0.37,13.21,86.42,545,0.55,1.47,97.98,545,81.99,17.65,0.37,544,0.19,99.07,0.74,540,0.0,100.0,543,0.18,99.82,546,47.07,52.93,546,31.49,68.51,543,99.81,0.19,527,5.69,94.31,545,97.44,2.56,546
MAHARASHTRA,YAVATMAL,Pusad,2023-24,Soil Health Card RKVY,94.81,5.19,0.0,424,0.0,9.67,90.33,424,0.0,9.91,90.09,424,70.99,28.77,0.24,424,0.24,99.53,0.24,424,0.95,99.05,423,0.94,99.06,424,46.7,53.3,424,4.96,95.04,423,100.0,0.0,423,15.2,84.8,421,99.76,0.24,424
MAHARASHTRA,YAVATMAL,Ralegaon,2023-24,Soil Health Card RKVY,96.56,3.44,0.0,407,0.0,15.97,84.03,407,0.0,3.19,96.81,407,76.66,23.34,0.0,407,0.25,99.51,0.25,405,0.25,99.75,407,0.25,99.75,407,39.31,60.69,407,15.52,84.48,406,99.49,0.51,396,2.73,97.27,403,99.02,0.98,407
MAHARASHTRA,YAVATMAL,Umarkhed,2023-24,Soil Health Card RKVY,95.37,4.63,0.0,605,0.33,12.23,87.44,605,0.5,1.32,98.18,605,66.23,33.61,0.17,604,0.17,99.67,0.17,604,0.66,99.34,604,1.98,98.02,605,47.85,52.15,606,2.81,97.19,605,99.83,0.17,605,2.48,97.52,605,99.83,0.17,606
MAHARASHTRA,YAVATMAL,Wani,2023-24,Soil Health Card RKVY,97.76,1.72,0.52,581,0.0,7.4,92.6,581,0.52,1.2,98.28,581,74.01,25.47,0.52,581,0.0,99.66,0.34,581,0.86,99.14,581,1.38,98.62,581,40.62,59.38,581,16.01,83.99,581,100.0,0.0,577,6.37,93.63,581,99.66,0.34,581
MAHARASHTRA,YAVATMAL,Yavatmal,2023-24,Soil Health Card RKVY,87.53,12.47,0.0,417,0.48,22.3,77.22,417,0.48,9.35,90.17,417,77.94,18.94,3.12,417,1.92,95.44,2.64,417,1.68,98.32,417,0.0,100.0,417,0.0,100.0,417,58.89,41.11,416,99.27,0.73,413,88.49,11.51,417,83.41,16.59,416
MAHARASHTRA,YAVATMAL,Zari-Jamani,2023-24,Soil Health Card RKVY,100.0,0.0,0.0,10,0.0,30.0,70.0,10,0.0,0.0,100.0,10,100.0,0.0,0.0,10,0.0,100.0,0.0,10,0.0,100.0,10,0.0,100.0,10,30.0,70.0,10,0.0,100.0,10,100.0,0.0,10,70.0,30.0,10,100.0,0.0,10
